pmid,mention,cui,mondo_id
28149055,tinea pedis,C0040259,MONDO:0005984
27867860,morbid obesity,C0028756,MONDO:0005139
27725796,disorders,C0012634,MONDO:0000001
27486825,obesity,C0028754,MONDO:0011122
28003168,ACTH-secreting adenoma,C1306214,MONDO:0006068
28082453,type 2 diabetes,C0011860,MONDO:0005148
27936092,syndromic,C0039082,MONDO:0002254
28018693,hereditary progressive arthroophthalmopathy,C2020284,MONDO:0007160
27921993,parasitic diseases,C0030499,MONDO:0005135
27568284,ZIKV infection,C0276289,MONDO:0018661
27884163,T2DM,C0011860,MONDO:0005148
28056457,disease,C0012634,MONDO:0000001
28503387,Rubinstein-Taybi Syndrome,C0035934,MONDO:0019188
27699251,vasculitis,C0042384,MONDO:0018882
27257694,pneumonia,C0032285,MONDO:0005249
28109920,Cardiac Sarcoidosis,C0392077,MONDO:0001707
27257822,pertussis,C0043167,MONDO:0005077
28413529,Hyperprolactinemia,C0020514,MONDO:0005804
27653010,degenerative disc disease,C0158266,MONDO:0011385
28195094,nonsevere dengue,C0011311,MONDO:0005502
27708714,X-linked,C1138434,MONDO:0000425
28041848,disease,C0012634,MONDO:0000001
27475696,oral squamous cell carcinoma,C0585362,MONDO:0004958
27816055,contagious,C0009450,MONDO:0005550
27423449,pancreatic tumor,C0030297,MONDO:0021040
28166728,pulmonary TB,C0041327,MONDO:0006052
27339893,infection,C0009450,MONDO:0005550
27771865,polycystic ovary syndrome,C0032460,MONDO:0008487
27794381,disorders,C0012634,MONDO:0000001
27590021,JSLE,C1274834,MONDO:0019725
28515226,vasculitis,C0042384,MONDO:0018882
28431108,HIV,C0019693,MONDO:0005109
27893864,HIV,C0019693,MONDO:0005109
27237301,chronic pyelonephritis,C0085697,MONDO:0001110
28270328,Rumination,C0154575,MONDO:0001301
27573470,diseases,C0012634,MONDO:0000001
27299886,gestational hypertension,C0852036,MONDO:0024664
28166728,TB,C0041296,MONDO:0018076
27499974,positional OSAS,C0520679,MONDO:0007147
28392965,DDD,C0158266,MONDO:0011385
27761213,obese,C0028754,MONDO:0011122
28370352,ulcers,C0041582,MONDO:0043839
27943546,hypoglycaemia,C0020615,MONDO:0004946
27813599,AS,C0038013,MONDO:0005306
27922526,placental abruption,C0000832,MONDO:0004846
27457539,disease,C0035613,MONDO:0017880
27451448,disease,C0012634,MONDO:0000001
28034357,anxiety,C0003467,MONDO:0011918
28141713,Down syndrome,C0013080,MONDO:0008608
27650225,small intestinal bacterial overgrowth,C3160854,MONDO:0400000
28379326,disease,C0012634,MONDO:0000001
28195652,TB,C0041296,MONDO:0018076
27754397,obese,C0028754,MONDO:0011122
27928650,obesity,C0028754,MONDO:0011122
27366176,Necrotizing fasciitis,C0238124,MONDO:0004835
28353042,hyperleptinemia,C0012634,MONDO:0000001
27433933,disease,C0012634,MONDO:0000001
27378927,Schistosomiasis,C0036323,MONDO:0015254
27670138,BN/BED,C0013473,MONDO:0005451
28238581,Hepatocellular Carcinoma,C2239176,MONDO:0007256
27467556,cryptococcosis,C0010414,MONDO:0005724
27508384,Benign Breast Disease,C0016034,MONDO:0005219
28405379,disease,C0012634,MONDO:0000001
27669669,GS,C0263885,MONDO:0971080
27242550,obesity,C0028754,MONDO:0011122
27245524,Ehlers-Danlos syndromes,C0013720,MONDO:0020066
27403338,PEX glaucoma,C0206368,MONDO:0008327
27500262,type 1 diabetes,C0011854,MONDO:0005147
28085760,rhegmatogenous retinal detachment,C0271055,MONDO:0005464
28459977,diseases,C0012634,MONDO:0000001
28403406,obese,C0028754,MONDO:0011122
28328136,Waardenburg syndrome,C3266898,MONDO:0018094
28355982,AASV,C2717865,MONDO:0015492
27683811,schistosomiasis,C0036323,MONDO:0015254
27699590,metabolic disorders,C0025517,MONDO:0005066
27688460,Histoplasma infection,C0019655,MONDO:0018312
28451474,thymic carcinoid,C2210965,MONDO:0020516
28266784,disease,C0012634,MONDO:0000001
27338295,no metabolic syndrome,C0025517,MONDO:0005066
28526816,typhoid fever,C0041466,MONDO:0005619
27824334,Familial Hypercholesterolemia,C0020445,MONDO:0005439
28440108,CF,C0010674,MONDO:0009061
27699251,disease,C0012634,MONDO:0000001
28039389,soil-transmitted helminthiasis,C0018889,MONDO:0004664
27752009,TB infection,C0041296,MONDO:0018076
28320690,sexually transmitted,C0036916,MONDO:0021681
27417076,eclampsia,C0013537,MONDO:0001754
27881160,obesity,C0028754,MONDO:0011122
27903185,cochlea,C0009197,MONDO:0003452
28387835,Q fever,C0034362,MONDO:0019186
28179361,IBS,C0022104,MONDO:0005052
28449774,Cardiac genetic disease,C0019247,MONDO:0003847
28108610,Type 1 Diabetes,C0011854,MONDO:0005147
28088177,tick-borne diseases,C0040196,MONDO:0005980
27516356,HCC,C2239176,MONDO:0007256
28336597,nosocomial outbreaks,C0205721,MONDO:0043544
27737333,papillary thyroid carcinoma,C0238463,MONDO:0005075
27684099,HIV,C0019693,MONDO:0005109
28506958,bacterial pneumonia,C0004626,MONDO:0004652
27473951,tetanus,C0039614,MONDO:0005526
28289872,disease,C0012634,MONDO:0000001
28329231,tetralogy of Fallot,C0039685,MONDO:0008542
28446633,LI,C0022951,MONDO:0100345
27384421,pancreatic ductal adenocarcinoma,C1335302,MONDO:0005184
27412368,difficulty conceiving,C0013418,MONDO:0006737
27623725,goitrous swelling,C0018021,MONDO:0005397
28545416,disease,C0012634,MONDO:0000001
28295177,diseases,C0012634,MONDO:0000001
28458935,Hemophilia A,C0019069,MONDO:0010602
28033191,ABC,C0152244,MONDO:0018815
28353042,obesity,C0028754,MONDO:0011122
28344590,disease,C0012634,MONDO:0000001
27829875,sickle cell disease,C0002895,MONDO:0011382
27995510,disease,C0012634,MONDO:0000001
27761762,sarcoid-like reactions,C0036202,MONDO:0019338
27639826,AT inflammation,C0030326,MONDO:0006591
27751685,Perinatal issues,C0270075,MONDO:0100086
28399833,NCD,C0012634,MONDO:0000001
28413598,solitary peripheral osteoma,C0029440,MONDO:0005166
28386950,intestinal duplication,C0221210,MONDO:0008666
27903991,hyperglycemia,C0020456,MONDO:0002909
27643557,diseases,C0012634,MONDO:0000001
28011408,anxiety,C0003467,MONDO:0011918
27372861,irritable bowel syndrome,C0022104,MONDO:0005052
27594346,HBV infections,C0019163,MONDO:0005344
27694728,infectious diseases,C0009450,MONDO:0005550
28503387,disorder,C0012634,MONDO:0000001
27556586,visceral leishmaniasis,C0023290,MONDO:0005445
28529546,obesity,C0028754,MONDO:0011122
27493925,TB,C0041296,MONDO:0018076
28361121,non-HIV PCP,C1535939,MONDO:0019121
28103883,malaria,C0024530,MONDO:0005136
28356129,obesity,C0028754,MONDO:0011122
28322744,diseases,C0012634,MONDO:0000001
28008561,Thyroid-specific cancer,C0549473,MONDO:0015075
27899295,obesity,C0028754,MONDO:0011122
28027117,diseased,C0012634,MONDO:0000001
27240560,obesity,C0028754,MONDO:0011122
28413794,medullary carcinoma thyroid,C0238462,MONDO:0015277
27899087,anxiety,C0003467,MONDO:0011918
27662437,Prader-Willi syndrome,C0032897,MONDO:0008300
27777170,Rheumatoid arthritis,C0003873,MONDO:0008383
27343757,pancreatic cancer,C0235974,MONDO:0005192
28451474,Thymic carcinoid tumors,C2210965,MONDO:0020516
27354219,SLE,C0024141,MONDO:0007915
28413598,Osteomas,C0029440,MONDO:0005166
27433916,neoplastic disease,C1882062,MONDO:0021058
28456990,Batten diseases,C0751383,MONDO:0008767
28362864,relapsing fever,C0035021,MONDO:0019633
28534189,type 2 diabetes mellitus,C0011860,MONDO:0005148
27578894,infections,C0009450,MONDO:0005550
28074357,FXS,C0016667,MONDO:0010383
27753022,autosomal recessive diseases,C0265388,MONDO:0006025
27532798,diabetes mellitus,C0011849,MONDO:0005015
28274876,rheumatoid arthritis,C0003873,MONDO:0008383
28222462,GD,C0018213,MONDO:0005364
27965450,PCP,C1535939,MONDO:0019121
27936092,Sexually Transmitted Infections,C0036916,MONDO:0021681
28056024,STH infections,C0018889,MONDO:0004664
28092840,ulcer,C0041582,MONDO:0043839
27582170,obesity,C0028754,MONDO:0011122
27776171,pancreatitis,C0030305,MONDO:0004982
28276842,infectious disease,C0009450,MONDO:0005550
28451474,multiple endocrine neoplasia (MEN) type 1,C0025267,MONDO:0007540
27513357,polymicrobial,C0275524,MONDO:0100128
28109920,sarcoid disease,C0036202,MONDO:0019338
28454487,hepatocellular carcinoma,C2239176,MONDO:0007256
27646139,Bacterial infection,C0004623,MONDO:0005113
27475696,OSCC,C0585362,MONDO:0004958
28338247,DKA,C0011880,MONDO:0012819
27357243,cancerous tissue,C0027656,MONDO:0021581
28018693,collagen tissue disorders,C0009326,MONDO:0005554
28432481,SCCs,C0280321,MONDO:0044638
27653361,Plasmodium infection,C0024530,MONDO:0005136
27689092,diseases,C0012634,MONDO:0000001
27845744,obesity,C0028754,MONDO:0011122
27975209,metabolic disorder,C0025517,MONDO:0005066
27712131,disease,C0012634,MONDO:0000001
28109920,cardiac sarcoidosis,C0392077,MONDO:0001707
27476541,hyperglycemia,C0020456,MONDO:0002909
28343418,systemic sclerosis,C0036421,MONDO:0005100
27761762,secondary sarcoid-like reactions,C0036202,MONDO:0019338
27936092,sexually transmitted infections,C0036916,MONDO:0021681
28451395,Type 2 diabetes,C0011860,MONDO:0005148
27508301,DM,C0011849,MONDO:0005015
27721550,hypoglycemia,C0020615,MONDO:0004946
27427129,trisomy 21,C3537167,MONDO:0700126
27975209,post-bariatric hypoglycaemia,C0020615,MONDO:0004946
28280642,severe preeclampsia,C0341950,MONDO:0001641
27503926,liver tumors,C0345904,MONDO:0002691
27958282,irritable bowel syndrome,C0022104,MONDO:0005052
28454282,hereditary pancreatic cancer,C2931038,MONDO:0015278
28182705,TB,C0041296,MONDO:0018076
28270328,rumination,C0154575,MONDO:0001301
28393351,POI,C0085215,MONDO:0005387
28352621,disease,C0012634,MONDO:0000001
27489713,hepatocellular carcinoma,C2239176,MONDO:0007256
28146639,ARDS,C0035222,MONDO:0100130
27698916,Obesity,C0028754,MONDO:0011122
27716352,influenza,C0021400,MONDO:0005812
27336882,disease,C0012634,MONDO:0000001
27573702,Cerebral toxoplasmosis,C0085315,MONDO:0005697
28205317,obesity,C0028754,MONDO:0011122
28404091,HIV,C0019693,MONDO:0005109
28289130,aneuploidy,C0002938,MONDO:0700064
28210659,Disease,C0012634,MONDO:0000001
28329145,human immunodeficiency virus (HIV) infection,C0019693,MONDO:0005109
27356936,disorder,C0012634,MONDO:0000001
28410205,hepatocellular carcinoma,C2239176,MONDO:0007256
28268982,CPFES,C3872815,MONDO:0017591
27752009,active TB,C0041296,MONDO:0018076
27598463,Paracoccidioides brasiliensis Infection,C0030409,MONDO:0005894
27771746,infectious diseases,C0009450,MONDO:0005550
27923790,Hypoglycemic,C0020615,MONDO:0004946
28367636,type 1 diabetes,C0011854,MONDO:0005147
28285346,modification,C0012634,MONDO:0000001
28259683,acne,C0702166,MONDO:0011438
28404091,chronic hepatitis B virus (HBV) infection,C0524909,MONDO:0005366
28105138,acute coronary syndrome,C0948089,MONDO:0005542
27707823,congenital toxoplasmosis,C0040560,MONDO:0005715
27921993,leishmaniases,C0023281,MONDO:0011989
27393252,disease,C0012634,MONDO:0000001
27916672,diseases,C0012634,MONDO:0000001
27273075,DHF,C0019100,MONDO:0005358
28400402,pituitary,C0032019,MONDO:0017611
27708714,hypothyroidism,C0020676,MONDO:0005420
28180050,glomus jugulare,C0017671,MONDO:0021064
27821419,diseases,C0012634,MONDO:0000001
27678317,TC,C0007115,MONDO:0002108
27309274,obesity,C0028754,MONDO:0011122
27366176,Necrotizing Fasciitis,C0238124,MONDO:0004835
27926583,disease,C0012634,MONDO:0000001
28428293,fatal pneumonia,C0004626,MONDO:0004652
28181688,HIV-infected,C0019693,MONDO:0005109
28110694,Tourette syndrome,C0040517,MONDO:0007661
28089587,insulinoma,C0021670,MONDO:0024677
28403387,disorder,C0012634,MONDO:0000001
28013205,SSc,C0036421,MONDO:0005100
28382143,hepatocellular carcinoma,C2239176,MONDO:0007256
27571264,diseases,C0012634,MONDO:0000001
28067006,disorders,C0012634,MONDO:0000001
28210640,progressive pseudorheumatoid chondrodysplasia,C0432215,MONDO:0008827
28456990,Gaucher,C0017205,MONDO:0018150
27781034,22q11.2 deletion syndrome,C0012236,MONDO:0008564
27669217,infectious diseases,C0004623,MONDO:0005113
28404091,HBV infection,C0524909,MONDO:0005366
27348285,disease,C0012634,MONDO:0000001
28217611,disease,C0012634,MONDO:0000001
27457539,Rift Valley fever,C0035613,MONDO:0017880
27782940,obesity,C0028754,MONDO:0011122
28437231,diseases,C0012634,MONDO:0000001
28320690,Sexually Transmitted,C0036916,MONDO:0021681
28495811,CFS,C0015674,MONDO:0005404
28503387,RSTS,C0035934,MONDO:0019188
27641480,Mild encephalitis/encephalopathy with reversible splenial lesion,C0039082,MONDO:0002254
28393351,Primary ovarian insufficiency,C0085215,MONDO:0005387
27794108,nonmitochondrial disorders,C0012634,MONDO:0000001
28506958,pneumonia,C0032285,MONDO:0005249
27639826,cardio-metabolic disease,C0012634,MONDO:0000001
27818989,obesity,C0028754,MONDO:0011122
27359178,hyperlipidemic,C0020473,MONDO:0021187
28534189,obesity,C0028754,MONDO:0011122
27387068,disease,C0012634,MONDO:0000001
28347978,synovitis,C0039103,MONDO:0002400
27899384,adrenal crisis,C0151467,MONDO:0019801
28506958,Pneumonia,C0032285,MONDO:0005249
28331620,disorders,C0012634,MONDO:0000001
27927213,deficiency,C0220710,MONDO:0008721
27794381,cholelithiasis,C0008350,MONDO:0012672
28239461,pancreatic ductal adenocarcinoma,C1335302,MONDO:0005184
28018693,Stickler syndrome,C2020284,MONDO:0007160
27548895,oculocutaneous albinism,C0078918,MONDO:0018910
28229097,hypovitaminosis D,C0042870,MONDO:0100471
28411139,BrS,C1142166,MONDO:0015263
28241985,refeeding syndrome,C0860549,MONDO:0400005
27804911,disease,C0012634,MONDO:0000001
27282265,Reflux Esophagitis,C0014869,MONDO:0006896
28182705,co-infected,C0275524,MONDO:0100128
28320521,diseases,C0012634,MONDO:0000001
27598421,infection,C0276289,MONDO:0018661
27694728,respiratory virus infections,C0035235,MONDO:0001577
27484439,type 2 diabetes mellitus,C0011860,MONDO:0005148
28220082,disease,C0012634,MONDO:0000001
27375283,chronic hepatitis B,C0524909,MONDO:0005366
27378064,Mandibular dysostosis,C0242387,MONDO:0002457
27729085,chondroid,C1266173,MONDO:0006145
27893864,AIDS,C0001175,MONDO:0012268
27285457,DIABETIC RETINOPATHY,C0011884,MONDO:0005266
27245335,metabolic diseases,C0025517,MONDO:0005066
28361121,NH-PCP,C1535939,MONDO:0019121
27481907,Systemic Sclerosis,C0036421,MONDO:0005100
27999240,TB,C0041296,MONDO:0018076
28508329,HCC tumors,C2239176,MONDO:0007256
28370352,systemic lupus erythematosus,C0024141,MONDO:0007915
27433916,HGD,C1518873,MONDO:0004329
28433448,type 2 diabetes,C0011860,MONDO:0005148
27936395,patent ductus arteriosus,C0013274,MONDO:0011827
27920749,trait anxiety,C0003467,MONDO:0011918
27500262,Type 1 Diabetes,C0011854,MONDO:0005147
28122051,obese,C0028754,MONDO:0011122
28437199,Type 2 diabetes,C0011860,MONDO:0005148
28394851,sickle cell disease,C0002895,MONDO:0011382
27706911,tricho-rhino-phalangeal syndrome type I,C0432233,MONDO:0008596
27366176,necrotizing fasciitis,C0238124,MONDO:0004835
28295777,type 2 diabetes,C0011860,MONDO:0005148
28250430,disease,C0012634,MONDO:0000001
28282510,myelodysplastic syndromes,C3463824,MONDO:0018881
28101973,infectious diseases,C0009450,MONDO:0005550
28066530,finger and hand chewing,C0028768,MONDO:0008114
27866595,obesity,C0028754,MONDO:0011122
28404899,Kaposi sarcoma,C0036220,MONDO:0005055
27371625,vestibular disorder,C0042594,MONDO:0002643
27481922,preeclampsia,C0032914,MONDO:0005081
28355982,ANCA-associated systemic vasculitis,C2717865,MONDO:0015492
27600888,Diseases,C0012634,MONDO:0000001
27725659,holoprosencephaly,C0079541,MONDO:0016296
28501028,disease,C0012634,MONDO:0000001
27481907,SSc,C0036421,MONDO:0005100
27692319,parasitic disease,C0030499,MONDO:0005135
28431108,pneumonia,C0032285,MONDO:0005249
27473951,rubella,C0035920,MONDO:0004656
28545365,diseased,C0012634,MONDO:0000001
28540429,chronic pancreatitis,C0149521,MONDO:0005003
27832073,disease,C0012634,MONDO:0000001
27816055,immunosuppressive disease,C0012634,MONDO:0000001
28504776,hypoglycaemia,C0020615,MONDO:0004946
27906594,Type 2 Diabetes Mellitus,C0011860,MONDO:0005148
27781034,disorders,C0012634,MONDO:0000001
27760732,Intrauterine growth restriction,C0015934,MONDO:0005030
27703571,hereditary disease,C0019247,MONDO:0003847
28503387,genetic disease,C0019247,MONDO:0003847
27799038,diseases,C0012634,MONDO:0000001
27476889,disease,C0012634,MONDO:0000001
27986797,obesity,C0028754,MONDO:0011122
27840666,OSA,C0520679,MONDO:0007147
28036301,human papillomavirus (HPV) infection,C0343641,MONDO:0005161
28027117,disease,C0012634,MONDO:0000001
27399065,chronic hepatitis B virus (HBV) infection,C0524909,MONDO:0005366
27273307,ovarian hyperstimulation syndrome,C0085083,MONDO:0011972
27389831,DLB,C0752347,MONDO:0007488
28348057,CYSTIC FIBROSIS,C0010674,MONDO:0009061
27824334,genetic disorder,C0019247,MONDO:0003847
27481907,disease,C0012634,MONDO:0000001
28386663,phenylketonuria,C0031485,MONDO:0009861
28454282,MUTYH-associated polyposis,C3272841,MONDO:0012041
28327105,general,C0028754,MONDO:0011122
28451395,type 2 diabetes,C0011860,MONDO:0005148
28529546,type 2 diabetes mellitus,C0011860,MONDO:0005148
28235956,Anaplastic thyroid cancer,C0238461,MONDO:0006468
27470609,diabetes mellitus,C0011849,MONDO:0005015
28150347,Diabetes,C0011860,MONDO:0005148
27708714,MECP2 duplication syndrome,C1846058,MONDO:0010283
28549770,Inversion 3,C0021943,MONDO:0043678
27632796,disease,C0012634,MONDO:0000001
28468980,malaria,C0024530,MONDO:0005136
27501756,hepatocellular carcinoma,C2239176,MONDO:0007256
28026871,ATC,C0238461,MONDO:0006468
28351716,Diabetic Retinopathy,C0011884,MONDO:0005266
28134011,diseases,C0012634,MONDO:0000001
27918168,disorder,C0012634,MONDO:0000001
28538914,diseases,C0012634,MONDO:0000001
27698735,rheumatoid arthritis,C0003873,MONDO:0008383
28406285,disorders,C0012634,MONDO:0000001
27546025,TB,C0041296,MONDO:0018076
28166758,ovarian malignancies,C1140680,MONDO:0008170
28400402,adrenal,C0750887,MONDO:0002817
27688460,vasculitis,C0042384,MONDO:0018882
27869761,diseases,C0012634,MONDO:0000001
27236780,TCS,C0080218,MONDO:0006995
28353042,hyperinsulinemia,C0020459,MONDO:0002177
28472129,disease,C0012634,MONDO:0000001
28025023,hyperreflexia,C0151889,MONDO:0007774
28087919,lysosomal storage-like disease,C0085078,MONDO:0002561
28545416,nasopharyngeal carcinoma,C2931822,MONDO:0015459
27476889,helminth infection,C0018889,MONDO:0004664
28433844,spinal cord dysfunction,C0012634,MONDO:0000001
27255411,diabetes mellitus,C0011849,MONDO:0005015
28166758,type I and II serous tumors,C0476122,MONDO:0037255
28501028,lymphoproliferative disorder,C0024314,MONDO:0016537
27786291,disease,C0012634,MONDO:0000001
27573702,cerebral toxoplasmosis,C0085315,MONDO:0005697
28067006,disease,C0012634,MONDO:0000001
28066530,dermatophagia,C0028768,MONDO:0008114
27381670,severe preeclampsia,C0341950,MONDO:0001641
28487334,abortion,C0156543,MONDO:0041526
27473951,varicella,C0008049,MONDO:0005700
27284118,OCD,C0028768,MONDO:0008114
28390852,diabetes type 2,C0011860,MONDO:0005148
28298837,systemic lupus erythematosus,C0024141,MONDO:0007915
28108610,type 1 diabetes,C0011854,MONDO:0005147
27336004,iron deficiency anemia,C0162316,MONDO:0001356
28117535,type 1 diabetes,C0011854,MONDO:0005147
28370352,scleroderma,C0011644,MONDO:0019340
27392010,HIV,C0019693,MONDO:0005109
28457384,bacteremia,C0004610,MONDO:0005229
28210640,Morquio syndrome,C0086651,MONDO:0009659
27898665,tuberculosis,C0041296,MONDO:0018076
28378026,HIV Infection,C0019693,MONDO:0005109
28182705,extrapulmonary,C0679362,MONDO:0000368
27994747,type 2 diabetes mellitus,C0011860,MONDO:0005148
27533056,acute coronary syndrome,C0948089,MONDO:0005542
28082453,T2D,C0011860,MONDO:0005148
28456751,disease,C0012634,MONDO:0000001
28166728,TB disease,C0041296,MONDO:0018076
27597994,sleeping sickness,C0041228,MONDO:0005459
28481342,pancreatic ductal adenocarcinoma,C1335302,MONDO:0005184
27680876,highly heritable condition,C0019247,MONDO:0003847
28120334,otologic disorders,C0013447,MONDO:0021205
28457384,primary sclerosing cholangitis,C0566602,MONDO:0013433
28008561,cancer,C0549473,MONDO:0015075
28348808,Crouzon syndrome,C0010273,MONDO:0007405
27743718,NF,C0238124,MONDO:0004835
27761762,Sarcoidosis,C0036202,MONDO:0019338
28195652,drug-resistant TB,C0206525,MONDO:0041806
27782940,Leptin Deficiency,C3554224,MONDO:0013991
28024987,type 2 diabetes,C0011860,MONDO:0005148
27744500,eclamptic,C0013537,MONDO:0001754
28108302,Fabry disease,C0002986,MONDO:0010526
27573702,toxoplasmosis,C0085315,MONDO:0005697
28240655,osteoporosis,C0029456,MONDO:0005298
27508328,syndrome,C0039082,MONDO:0002254
28330678,type 1 diabetes mellitus,C0011854,MONDO:0005147
27275827,Obesity,C0028754,MONDO:0011122
27432486,infectious,C0009450,MONDO:0005550
27536472,syndactyly,C0039075,MONDO:0021002
28235956,ATC,C0238461,MONDO:0006468
28199934,adrenal malignant tumor,C0750887,MONDO:0002817
28085490,OCD,C0028768,MONDO:0008114
27399912,Oral squamous cell carcinoma,C0585362,MONDO:0004958
27513357,Polymicrobial,C0275524,MONDO:0100128
28383311,obesity,C0028754,MONDO:0011122
28285800,type 2 diabetes mellitus,C0011860,MONDO:0005148
28439925,T2DM,C0011860,MONDO:0005148
28352958,disease,C0012634,MONDO:0000001
27348352,neoplasia,C1882062,MONDO:0021058
27433933,Kawasaki disease,C0026691,MONDO:0012727
27975209,hyperinsulinaemic hypoglycaemia,C1864903,MONDO:0005803
28241985,Refeeding syndrome,C0860549,MONDO:0400005
28352958,diseases,C0012634,MONDO:0000001
27920091,Disease,C0012634,MONDO:0000001
27626511,S. aureus infections,C1318973,MONDO:0005545
27678317,thyroid cancer,C0007115,MONDO:0002108
28465502,T2DM,C0011860,MONDO:0005148
27786249,disease,C0012634,MONDO:0000001
28056024,STH-infected,C0018889,MONDO:0004664
27420101,disease,C0012634,MONDO:0000001
27314527,prediabetes,C0362046,MONDO:0006920
28400402,pituitary,C0496842,MONDO:0002109
28205489,Quadrilateral Space Syndrome,C0039082,MONDO:0002254
27899087,Rett syndrome,C0035372,MONDO:0010726
27746068,hypoglycemia,C0020615,MONDO:0004946
28077112,non-communicable diseases,C0012634,MONDO:0000001
27680876,Autoimmune Addison's disease,C0271737,MONDO:0100480
28438542,diabetic retinopathy,C0011884,MONDO:0005266
28237961,obesity,C0028754,MONDO:0011122
28345005,Late Infantile Neuronal Ceroid Lipofuscinosis,C0022340,MONDO:0015674
27699251,disease,C0023351,MONDO:0005126
27518527,acromegaly,C0001206,MONDO:0019933
27620334,disease,C0012634,MONDO:0000001
28176637,congenital long QT syndromes,C1141890,MONDO:0019171
28210659,disease,C0012634,MONDO:0000001
27387068,Lyme disease,C0024198,MONDO:0019632
28321789,disease,C0012634,MONDO:0000001
28150347,diabetes,C0011860,MONDO:0005148
27741202,Down Syndrome,C0013080,MONDO:0008608
28462032,disease,C0012634,MONDO:0000001
27840838,chronic periodontitis,C0266929,MONDO:0009850
27447421,diseases,C0012634,MONDO:0000001
28263315,inborn errors of metabolism,C0025521,MONDO:0019052
27707823,toxoplasmosis,C0040558,MONDO:0005989
27236780,tethered cord syndrome,C0080218,MONDO:0006995
27619227,Polyploidy,C0032578,MONDO:0019934
27920636,microduplication syndromes,C0039082,MONDO:0002254
28270369,diabetes,C0011854,MONDO:0005147
27312379,urinary tract infection,C0042029,MONDO:0100338
28005403,trichotillomania,C0040953,MONDO:0013189
27508328,jaundice,C0022354,MONDO:0006874
28468175,Wiedemann-Rautenstrauch syndrome,C0406586,MONDO:0009910
27670653,DM,C0011849,MONDO:0005015
28424061,anxiety,C0003467,MONDO:0011918
28323926,PCOS,C0032460,MONDO:0008487
28163288,diseases,C0012634,MONDO:0000001
27326914,disease,C0012634,MONDO:0000001
27490343,trisomy,C0041107,MONDO:0700065
27845744,Obesity,C0028754,MONDO:0011122
27721550,Hypoglycemia,C0020615,MONDO:0004946
28436493,extrapulmonary tuberculosis,C0679362,MONDO:0000368
27632796,co-infection,C0275524,MONDO:0100128
28013205,SIBO,C3160854,MONDO:0400000
28266699,syndrome,C0039082,MONDO:0002254
27437203,Polycystic Ovary Syndrome,C0032460,MONDO:0008487
28400402,parathyroid malignancies,C0153653,MONDO:0021311
28427537,diseases,C0012634,MONDO:0000001
27995352,type 2 diabetes mellitus,C0011860,MONDO:0005148
27599756,early menopause,C0025322,MONDO:0001119
27321338,metabolic diseases,C0025517,MONDO:0005066
27726295,typhoid fever,C0041466,MONDO:0005619
27748824,diseases,C0012634,MONDO:0000001
28058593,gram positive infections,C0085426,MONDO:0021679
28005982,Obese,C0028754,MONDO:0011122
27451448,Diseased,C0012634,MONDO:0000001
28213926,Primary Hyperparathyroidism,C0221002,MONDO:0010837
27364111,occupational diseases,C0028797,MONDO:0100366
27553395,over,C1257763,MONDO:0003916
27399065,chronic hepatitis B,C0524909,MONDO:0005366
27809644,Obsessive-compulsive disorder,C0028768,MONDO:0008114
28064539,binge eating disorder,C0596170,MONDO:0005582
27679696,lung inflammation,C0032285,MONDO:0005249
27914462,Posttransplant Cytomegalovirus Infection,C0010823,MONDO:0005132
27983510,Leishmaniasis,C0023281,MONDO:0011989
28348057,cystic fibrosis,C0010674,MONDO:0009061
27245524,EDSs,C0013720,MONDO:0020066
27623725,anxiety,C0003467,MONDO:0011918
28220082,syndromes,C0039082,MONDO:0002254
27377502,type 2 diabetes mellitus,C0011860,MONDO:0005148
27943546,type 2 diabetes mellitus,C0011860,MONDO:0005148
28286285,type-1 diabetes,C0011854,MONDO:0005147
28008561,thyroid cancer,C0549473,MONDO:0015075
27773526,hyperglycemic,C0020456,MONDO:0002909
27754781,infectious diseases,C0009450,MONDO:0005550
27256046,parosteal osteosarcoma,C0206642,MONDO:0006817
28450196,herpes zoster,C0019360,MONDO:0005609
28166758,serous malignancies,C0476122,MONDO:0037255
28192171,AKU,C0002066,MONDO:0008753
27669294,Obesity,C0028754,MONDO:0011122
27557464,disorders,C0012634,MONDO:0000001
28482961,extra-pulmonary TB,C0679362,MONDO:0000368
28130404,CMV infection,C0010823,MONDO:0005132
27920091,disease,C0012634,MONDO:0000001
28101400,disease,C0012634,MONDO:0000001
27412368,polycystic ovary syndrome,C0032460,MONDO:0008487
27877221,obesity,C0028754,MONDO:0011122
27682141,Dengue,C0011311,MONDO:0005502
27926583,Infectious Diseases,C0009450,MONDO:0005550
28329001,Buruli ulcer,C0085568,MONDO:0000327
28005403,TTM,C0040953,MONDO:0013189
28451395,T2D,C0011860,MONDO:0005148
27486953,disorders,C0012634,MONDO:0000001
27533056,ACS,C0948089,MONDO:0005542
27259326,Hepatocellular carcinoma,C2239176,MONDO:0007256
27550416,rheumatoid arthritis,C0003873,MONDO:0008383
27859268,neuroendocrine tumours,C0206754,MONDO:0019496
27692274,type 2 diabetes,C0011860,MONDO:0005148
27892411,cardiometabolic diseases,C0025517,MONDO:0005066
27886014,disease,C0012634,MONDO:0000001
27870908,Protein-energy wasting,C0012634,MONDO:0000001
27582170,obese,C0028754,MONDO:0011122
27510784,gastrointestinal stromal tumors,C0238198,MONDO:0011719
27904925,type 2 diabetes,C0011860,MONDO:0005148
27486825,Obesity,C0028754,MONDO:0011122
28472129,sarcoidosis,C0036202,MONDO:0019338
28084862,endocrinopathy,C0014130,MONDO:0005151
27336882,zoster,C0019360,MONDO:0005609
27249024,Obesity,C0028754,MONDO:0011122
27556586,anxiety,C0003467,MONDO:0011918
27244222,obesogenic,C0028754,MONDO:0011122
27600888,bacterial,C0004623,MONDO:0005113
27680876,autoimmune polyglandular syndrome type 2,C0085860,MONDO:0010012
27244222,obesity,C0028754,MONDO:0011122
28420066,SLE,C0024141,MONDO:0007915
28026981,HIV,C0019693,MONDO:0005109
28545365,dreadful disease,C0012634,MONDO:0000001
28097508,rheumatoid arthritis,C0003873,MONDO:0008383
27233260,disease,C0012634,MONDO:0000001
27840838,medical conditions,C0012634,MONDO:0000001
28209183,CHH,C0271623,MONDO:0018555
28271030,type 2 diabetes,C0011860,MONDO:0005148
27595710,type 2 diabetes,C0011860,MONDO:0005148
28182705,HIV,C0019693,MONDO:0005109
27456016,Hepatocellular Carcinoma,C2239176,MONDO:0007256
28534189,T2DM,C0011860,MONDO:0005148
28447924,obesity,C0028754,MONDO:0011122
28329231,ToF,C0039685,MONDO:0008542
28459029,obesity,C0028754,MONDO:0011122
27680876,Autoimmune Addison's Disease,C0271737,MONDO:0100480
28427273,obese,C0028754,MONDO:0011122
27913270,metabolic disorders,C0025517,MONDO:0005066
27884439,tick infestation,C0040196,MONDO:0005980
27384421,PDAC,C1335302,MONDO:0005184
27817780,XLI,C0079588,MONDO:0010622
28290961,LQTS,C0023976,MONDO:0002442
28210640,"47,XXY",C0022735,MONDO:0006823
28072649,compartment syndrome,C0009492,MONDO:0004001
27447713,disease,C0012634,MONDO:0000001
28456611,CF,C0010674,MONDO:0009061
28092840,gastric ulcer,C0038358,MONDO:0001126
28205489,quadrilateral space syndrome,C0039082,MONDO:0002254
27632796,coinfection,C0275524,MONDO:0100128
28042936,T2DM,C0011860,MONDO:0005148
27623945,hepatocellular carcinoma,C2239176,MONDO:0007256
28159606,disease,C0012634,MONDO:0000001
28353042,impaired glucose tolerance,C0271650,MONDO:0001076
27852582,hyperlipidaemia,C0020473,MONDO:0021187
28379326,bacteremia,C0004610,MONDO:0005229
27606477,Juvenile dermatomyositis,C0263666,MONDO:0008054
28220082,syndrome,C0039082,MONDO:0002254
27567148,urinary tract infection,C0042029,MONDO:0100338
27623725,endocrine disorder,C0014130,MONDO:0005151
28451474,carcinoids,C0007095,MONDO:0005369
28341038,gout,C0018099,MONDO:0005393
28408903,nosocomial infections,C0205721,MONDO:0043544
28441459,Obesity,C0028754,MONDO:0011122
28099754,Osteoporosis,C0029456,MONDO:0005298
27752357,rheumatoid arthritis,C0003873,MONDO:0008383
28320690,STBBI,C0012634,MONDO:0000001
27885266,liver cancer,C0345904,MONDO:0002691
27299886,preeclampsia,C0032914,MONDO:0005081
27920091,AI4,C1863012,MONDO:0007093
28515464,DM,C0011849,MONDO:0005015
27473951,mumps,C0026780,MONDO:0000989
27788142,Pre-Eclampsia,C0032914,MONDO:0005081
27867860,type 2 diabetes,C0011860,MONDO:0005148
27699251,infectious disease,C0009450,MONDO:0005550
27516476,HIV-infected,C0019693,MONDO:0005109
28186729,disease,C0012634,MONDO:0000001
27442784,accreta,C0032044,MONDO:0005916
28339345,Polycystic Ovary Syndrome,C0032460,MONDO:0008487
27427129,Lowe's syndrome,C0028860,MONDO:0010645
27793676,congenital hypothyroidism,C0010308,MONDO:0018612
27752009,tuberculous lymphadenitis,C0041316,MONDO:0005831
27670138,bulimia nervosa,C2267227,MONDO:0005452
28440108,coinfected,C0275524,MONDO:0100128
28413179,CTP,C0272282,MONDO:0008556
27372861,disease,C0012634,MONDO:0000001
27621870,disease,C0012634,MONDO:0000001
27493925,pulmonary TB,C0041327,MONDO:0006052
28349897,disorders,C0012634,MONDO:0000001
27261587,DN,C0011881,MONDO:0005016
28084988,prediabetes,C0362046,MONDO:0006920
27600888,syndrome,C0039082,MONDO:0002254
27403105,condition,C0012634,MONDO:0000001
27777603,disorders,C0012634,MONDO:0000001
27417076,gestational diabetes,C0085207,MONDO:0005406
27662437,uniparental disomy,C0949628,MONDO:0700086
27998307,Behcet's disease,C0004943,MONDO:0007191
27476625,JIA,C3495559,MONDO:0011429
27508301,obese,C0028754,MONDO:0011122
27670138,BED,C0596170,MONDO:0005582
27965132,disease,C0012634,MONDO:0000001
28383311,obese,C0028754,MONDO:0011122
28507142,diseased,C0012634,MONDO:0000001
28353042,metabolic syndrome,C0025517,MONDO:0005066
27768715,metabolic disorders,C0025517,MONDO:0005066
28222015,diabetes mellitus,C0011849,MONDO:0005015
28533939,neuroendocrine tumors,C0206754,MONDO:0019496
28546318,disease,C0012634,MONDO:0000001
27817780,X-linked ichthyosis,C0079588,MONDO:0010622
27408381,primary hepatosplenic,C0012634,MONDO:0000001
28144189,osteoporosis,C0029456,MONDO:0005298
28550154,diabetes type II,C0011860,MONDO:0005148
27935120,HR-HPV infection,C0343641,MONDO:0005161
27999240,Tuberculosis,C0041296,MONDO:0018076
27131339,oral squamous cell carcinoma,C0585362,MONDO:0004958
27598463,PCM,C0030409,MONDO:0005894
27617249,primary hyperparathyroidism,C0221002,MONDO:0010837
27997759,disease,C0012634,MONDO:0000001
27902975,thyroid cancer,C0007115,MONDO:0002108
28265530,condition,C0012634,MONDO:0000001
28471941,HIV-infected,C0019693,MONDO:0005109
28081044,gonorrhea,C0018081,MONDO:0004277
28003168,ACTH-secreting adenomas,C1306214,MONDO:0006068
28207495,rheumatoid arthritis,C0003873,MONDO:0008383
27748824,radiation-induced CVD,C1527225,MONDO:0043459
28266699,Austrian syndrome,C0039082,MONDO:0002254
28148284,hypoglycemia,C0020615,MONDO:0004946
27760149,diseases,C0012634,MONDO:0000001
27885308,Pancreatic Cancer,C0235974,MONDO:0005192
28083459,Spinal TB,C0041330,MONDO:0043836
27372076,fungal diseases,C0026946,MONDO:0002041
27595710,Type 2,C0011860,MONDO:0005148
28295777,infectious disease,C0009450,MONDO:0005550
28190392,bone cancer,C0279530,MONDO:0002129
27429532,Systemic Lupus Erythematosus,C0024141,MONDO:0007915
28274876,RA,C0003873,MONDO:0008383
28182076,HPV infection,C0343641,MONDO:0005161
28268114,parasitemia,C0242723,MONDO:0024314
28161405,partial androgen insensitivity,C0268301,MONDO:0010720
28108610,T1D,C0011854,MONDO:0005147
27442784,MVU,C0012634,MONDO:0000001
28241985,refeeding,C0860549,MONDO:0400005
27671656,mumps,C0026780,MONDO:0000989
27618734,HPV infection,C0343641,MONDO:0005161
28437231,KPC,C1855645,MONDO:0009488
27678317,Papillary TC,C0238463,MONDO:0005075
28051306,hyperglycemic states,C0020456,MONDO:0002909
28067006,disorder,C0012634,MONDO:0000001
28514301,Nasopharyngeal carcinoma,C2931822,MONDO:0015459
28454282,familial adenomatous polyposis,C0032580,MONDO:0021055
27771058,pleuropneumonia,C0032241,MONDO:0001940
28465793,type 2 diabetes,C0011860,MONDO:0005148
27356936,Metabolic Diseases,C0025517,MONDO:0005066
27342305,anxiety,C0003467,MONDO:0011918
28480413,endemic nephropathy,C0004698,MONDO:0007416
28103883,Malaria,C0024530,MONDO:0005136
28113047,disease,C0004623,MONDO:0005113
28341746,disease,C0012634,MONDO:0000001
27706911,extra teeth,C0040457,MONDO:0008533
27626099,influenza,C0021400,MONDO:0005812
27304655,VDD,C0042870,MONDO:0100471
27440725,ABC,C0152244,MONDO:0018815
28237961,obese,C0028754,MONDO:0011122
28451941,early puberty,C0034013,MONDO:0000088
27840175,PDAC,C1335302,MONDO:0005184
27430924,extra-pulmonary tuberculosis,C0679362,MONDO:0000368
27612907,giant,C0017547,MONDO:0020479
27467251,hepatocellular carcinoma,C2239176,MONDO:0007256
28087919,Cholesterol ester storage disease,C0008384,MONDO:0019149
28457994,diabetic retinopathy,C0011884,MONDO:0005266
28229061,myxoma,C0027149,MONDO:0044784
27346336,pneumonia,C0032285,MONDO:0005249
27479458,acute pancreatitis,C0001339,MONDO:0006515
28515226,rheumatoid arthritis,C0003873,MONDO:0008383
28280642,preeclampsia,C0032914,MONDO:0005081
27729085,conventional chordoma,C0008487,MONDO:0008978
28441459,DM,C0011849,MONDO:0005015
27351941,DM,C0011849,MONDO:0005015
28345005,Late infantile neuronal ceroid lipofuscinosis,C0022340,MONDO:0015674
28361121,Non-HIV-Related PCP,C1535939,MONDO:0019121
28222462,Graves' disease,C0018213,MONDO:0005364
27660548,Osserman stage,C0012634,MONDO:0000001
27840666,Obstructive sleep apnea,C0520679,MONDO:0007147
27752009,TB,C0041296,MONDO:0018076
28459124,Zebra Chip disease,C0012634,MONDO:0000001
28072668,Extragenital Gonorrhea,C0018081,MONDO:0004277
27515243,Argininosuccinic Acid Lyase Deficiency,C0268547,MONDO:0008815
27716352,avian influenza,C0016627,MONDO:0018695
27769207,gestational hypertensive disorders,C0852036,MONDO:0024664
27754198,PA,C1384514,MONDO:0001422
28456611,PTLD,C0432487,MONDO:0019088
28462032,sour rot,C0012634,MONDO:0000001
28223128,viral hepatitis,C0042721,MONDO:0006011
28137551,prolactinoma,C0033375,MONDO:0010911
28150347,type 2 diabetes,C0011860,MONDO:0005148
27293431,diseases,C0012634,MONDO:0000001
28182129,viral hepatitis E,C0085293,MONDO:0005788
27412368,PCOS,C0032460,MONDO:0008487
28424986,Kasabach-Merritt Syndrome,C0221025,MONDO:0007708
27846748,rheumatoid arthritis,C0003873,MONDO:0008383
28454282,Peutz-Jeghers syndrome,C0031269,MONDO:0008280
28464828,urinary tract infection,C0042029,MONDO:0100338
27683791,dumping syndrome,C0013288,MONDO:0001979
28509623,mild infections,C0004623,MONDO:0005113
27909142,psoriatic arthritis,C0003872,MONDO:0011849
28235956,papillary thyroid cancer,C0238463,MONDO:0005075
27456062,diseases,C0012634,MONDO:0000001
28076405,Botulism,C0006057,MONDO:0005498
27571264,SLE,C0024141,MONDO:0007915
28344590,witches' broom disease,C0012634,MONDO:0000001
28233467,genetic disorder,C0019247,MONDO:0003847
27746068,T2DM,C0011860,MONDO:0005148
28456850,Obesity,C0028754,MONDO:0011122
27359321,type 1,C0011854,MONDO:0005147
28415132,supernumerary tooth,C0040457,MONDO:0008533
28239461,chronic pancreatitis,C0149521,MONDO:0005003
27299886,Preeclampsia,C0032914,MONDO:0005081
27412612,disorders,C0012634,MONDO:0000001
27580610,anxiety,C0003467,MONDO:0011918
28084862,pituitary deficiency,C0020635,MONDO:0005152
28163288,sexually transmitted diseases,C0036916,MONDO:0021681
28328136,disorder,C0012634,MONDO:0000001
27407027,morbidly obese,C0028756,MONDO:0005139
27829026,Cytomegalovirus Infection,C0010823,MONDO:0005132
27394375,TSC,C0041341,MONDO:0001734
27456016,Fibrolamellar Carcinoma,C0334287,MONDO:0006210
28368473,anaplastic thyroid cancer,C0238461,MONDO:0006468
27753022,thanataphoric dysplasia,C0039743,MONDO:0017042
28459124,disease,C0012634,MONDO:0000001
27604152,MRSA infections,C0343401,MONDO:0100073
28039389,soil-transmitted helminth infections,C0018889,MONDO:0004664
28179690,DM,C0011860,MONDO:0005148
28371313,obesogenic,C0028754,MONDO:0011122
27415757,tuberculosis,C0041296,MONDO:0018076
28343418,SSc,C0036421,MONDO:0005100
28180235,disease,C0012634,MONDO:0000001
28229097,Hashimoto's thyroiditis,C0677607,MONDO:0007699
27796364,bacterial infection,C0004623,MONDO:0005113
27478387,anxiety,C0003467,MONDO:0011918
28323926,polycystic ovaries,C0032460,MONDO:0008487
28005403,Hair Pulling,C0040953,MONDO:0013189
28399833,non-communicable diseases,C0012634,MONDO:0000001
27334522,diabetes state,C0011849,MONDO:0005015
27251918,obstructive sleep apnoea,C0520679,MONDO:0007147
28223128,hepatitis D,C0011226,MONDO:0005789
28141713,DS,C0013080,MONDO:0008608
27660667,obesity,C0028754,MONDO:0011122
28195094,dengue infection,C0011311,MONDO:0005502
27721721,Annular Pancreas,C0149955,MONDO:0008183
27377502,T2DM,C0011860,MONDO:0005148
28193167,disease,C0012634,MONDO:0000001
28194574,autosomal-dominant polycystic kidney disease,C0085413,MONDO:0004691
28454282,syndromes,C0039082,MONDO:0002254
27796510,obesity,C0028754,MONDO:0011122
28053186,Niemann-Pick type C (NPC) disease,C0220756,MONDO:0018982
28179560,affection,C0012634,MONDO:0000001
27824969,Epstein-Barr virus infection,C0149678,MONDO:0005111
27886041,cystic fibrosis,C0010674,MONDO:0009061
27465497,diseases,C0012634,MONDO:0000001
27884163,type 2 diabetes mellitus,C0011860,MONDO:0005148
28166079,disease,C0012634,MONDO:0000001
27999200,Hepatocellular carcinoma,C2239176,MONDO:0007256
27427129,herpes simplex,C0019348,MONDO:0004609
27590051,disease,C0012634,MONDO:0000001
28388350,infectious mononucleosis,C0021345,MONDO:0005810
27668791,Ménière,C0025281,MONDO:0007972
27274524,disorders,C0012634,MONDO:0000001
28120398,vitamin D deficiency,C0042870,MONDO:0100471
27956431,pneumonia,C0032285,MONDO:0005249
27656567,Type 2 Diabetes Mellitus,C0011860,MONDO:0005148
27786291,cholera epidemics,C0008354,MONDO:0015766
28089587,Insulinoma,C0021670,MONDO:0024677
27556586,CVL,C0023290,MONDO:0005445
27998493,disease,C0012634,MONDO:0000001
28149055,disease,C0012634,MONDO:0000001
28456990,LSDs,C0085078,MONDO:0002561
27612907,Giant,C0017547,MONDO:0020479
28430012,disorders,C0012634,MONDO:0000001
27354219,Lupus,C0012634,MONDO:0000001
28085530,cytomegalovirus infection,C0010823,MONDO:0005132
27932462,Salmonella infections,C0036117,MONDO:0000827
27821419,disease,C0012634,MONDO:0000001
27737333,papillary thyroid carcinomas,C0238463,MONDO:0005075
28082453,diseases,C0012634,MONDO:0000001
28541529,ovarian cancer,C1140680,MONDO:0008170
28296655,Gastroesophageal Reflux Disease,C0017168,MONDO:0007186
27809644,OCD,C0028768,MONDO:0008114
27537689,disease,C0012634,MONDO:0000001
27906594,T2DM,C0011860,MONDO:0005148
27921993,Leishmaniases,C0023281,MONDO:0011989
28087919,Lysosomal Storage-Like Disease,C0085078,MONDO:0002561
28389985,Malaria,C0024530,MONDO:0005136
27598351,sickle cell disease,C0002895,MONDO:0011382
28328127,tetrasomic,C0333689,MONDO:0030502
28455257,amyloidosis,C0002726,MONDO:0019065
27321338,metabolic disease,C0025517,MONDO:0005066
28182705,tuberculosis,C0041296,MONDO:0018076
27466300,thyroid cancer,C0007115,MONDO:0002108
27906155,hypothyroidism,C0020676,MONDO:0005420
27655319,diseases,C0012634,MONDO:0000001
27791100,aspergillosis,C0004030,MONDO:0005657
27907099,syndrome,C0039082,MONDO:0002254
28454282,Cowden syndrome,C0018553,MONDO:0016063
27172917,PTC,C0238463,MONDO:0005075
27333594,nasopharyngeal carcinoma,C2931822,MONDO:0015459
28152097,disorders,C0012634,MONDO:0000001
27919317,diseases,C0012634,MONDO:0000001
27437203,PCOS,C0032460,MONDO:0008487
28003168,pituitary tumor,C0032019,MONDO:0017611
28487075,PANC-1,C1335302,MONDO:0005184
28266699,pneumonia,C0032285,MONDO:0005249
27490343,Down Syndrome,C0013080,MONDO:0008608
28521254,hepatocellular carcinoma,C2239176,MONDO:0007256
28108302,Fabry,C0002986,MONDO:0010526
27761922,acute hepatitis B infection,C0019163,MONDO:0005344
27617108,STI,C0036916,MONDO:0021681
28000391,hypoplastic left heart syndrome,C0152101,MONDO:0004933
27430924,renal tuberculosis,C0041328,MONDO:0005938
27447713,adenine phosphoribosyl transferase deficiency,C0268120,MONDO:0013869
27570111,diseased,C0012634,MONDO:0000001
28465502,obese,C0028754,MONDO:0011122
28063273,syndrome,C0039082,MONDO:0002254
28033191,Aneurysmal Bone Cyst,C0152244,MONDO:0018815
28440108,Cystic Fibrosis,C0010674,MONDO:0009061
27430662,ureteroceles,C0041960,MONDO:0008628
27415757,TB,C0041296,MONDO:0018076
27639826,Obesity,C0028754,MONDO:0011122
28515464,communicable,C0009450,MONDO:0005550
27605910,anxiety,C0003467,MONDO:0011918
28371313,Obesogenic,C0028754,MONDO:0011122
28323937,PTC,C0238463,MONDO:0005075
27824066,type 1 diabetes,C0011854,MONDO:0005147
28229061,Myxomas,C0027149,MONDO:0044784
28085760,RHEGMATOGENOUS RETINAL DETACHMENT,C0271055,MONDO:0005464
28266114,diseases,C0012634,MONDO:0000001
28128333,ulcers,C0041582,MONDO:0043839
28199934,adrenocortical carcinoma,C0206686,MONDO:0006639
28544601,noninvasive follicular variant of papillary thyroid carcinoma,C0238463,MONDO:0005075
28083459,Tuberculosis,C0041296,MONDO:0018076
27804311,tonsillar squamous cell carcinoma,C0280317,MONDO:0006470
28210640,Klinefelter syndrome,C0022735,MONDO:0006823
27928244,‎comorbid disorders,C0012634,MONDO:0000001
27059693,disease,C0012634,MONDO:0000001
27709647,cellulitis,C0007642,MONDO:0005230
27817780,disease,C0012634,MONDO:0000001
27688460,nodular skin eruptions,C0014743,MONDO:0850231
28089587,INS-1,C0021670,MONDO:0024677
27542789,type II (Mobitz) second degree atrioventricular block,C0155700,MONDO:0001261
27473951,disease,C0012634,MONDO:0000001
27802454,PDAC,C1335302,MONDO:0005184
27430924,tuberculous meningitis,C0041318,MONDO:0006042
28338247,diabetic ketoacidosis,C0011880,MONDO:0012819
28229097,diabetes mellitus,C0011849,MONDO:0005015
27772674,Influenza,C0021400,MONDO:0005812
27793676,Hypothyroidism,C0020676,MONDO:0005420
28295838,polyploid,C0032578,MONDO:0019934
27467251,Hepatocellular Carcinoma,C2239176,MONDO:0007256
27899384,Addison's disease,C0001403,MONDO:0015129
28333189,infectious diseases,C0009450,MONDO:0005550
28268114,co-infection,C0275524,MONDO:0100128
27782940,leptin deficiency,C3554224,MONDO:0013991
27870908,PEW,C0012634,MONDO:0000001
27706911,familial adenomatous polyposis syndrome,C0032580,MONDO:0021055
28469422,dengue disease,C0011311,MONDO:0005502
27699251,lepromatous leprosy,C0023348,MONDO:0005127
27400734,pancreatic cancer,C0235974,MONDO:0005192
27798219,bacteraemia,C0004610,MONDO:0005229
28413598,Solitary peripheral ivory osteoma,C0029440,MONDO:0005166
27928393,LHON,C0917796,MONDO:0010788
27476625,juvenile idiopathic arthritis,C3495559,MONDO:0011429
27372861,disorders,C0012634,MONDO:0000001
27453556,diabetes mellitus,C0011849,MONDO:0005015
27935120,human papillomavirus infection,C0343641,MONDO:0005161
28413794,pheochromocytoma,C0031511,MONDO:0008233
26876532,hyperparathyroidism,C0020502,MONDO:0001741
28456990,Fabry,C0002986,MONDO:0010526
27852582,proliferative DR,C0154830,MONDO:0001660
27433451,Prune Belly Syndrome,C0033770,MONDO:0007032
28208888,sickle cell anaemia,C0002895,MONDO:0011382
27429532,systemic lupus erythematosus,C0024141,MONDO:0007915
27479458,pancreatitis,C0030305,MONDO:0004982
27788142,pre-eclampsia,C0032914,MONDO:0005081
27282265,reflux esophagitis,C0014869,MONDO:0006896
28141713,OSA,C0520679,MONDO:0007147
27299886,preeclamptic,C0032914,MONDO:0005081
27776171,acute pancreatitis,C0001339,MONDO:0006515
28182076,bacterial coinfections,C0004623,MONDO:0005113
28487334,abortions,C0156543,MONDO:0041526
27760732,intrauterine growth restriction,C0015934,MONDO:0005030
28328127,tetrasomy,C0333689,MONDO:0030502
28295838,polyploidization event,C0032578,MONDO:0019934
28387851,gram-negative,C0085423,MONDO:0021678
27995352,type 2 diabetes,C0011860,MONDO:0005148
27285457,Type 2 diabetes,C0011860,MONDO:0005148
27824066,Type 1 Diabetes,C0011854,MONDO:0005147
28391978,bone cancer,C0279530,MONDO:0002129
27898665,Tuberculosis,C0041296,MONDO:0018076
27660855,rheumatoid arthritis,C0003873,MONDO:0008383
27755272,disease,C0012634,MONDO:0000001
28182705,HIV-infected,C0019693,MONDO:0005109
28464828,Diabetes mellitus,C0011849,MONDO:0005015
28399813,STI,C0036917,MONDO:0005323
28529546,diabetes mellitus type 2,C0011860,MONDO:0005148
27744500,cyclical disorders,C0152164,MONDO:0010778
28051263,anxiety,C0003467,MONDO:0011918
28002085,people living with HIV,C0019693,MONDO:0005109
27629246,flight syndrome,C0039082,MONDO:0002254
28456990,Wolman,C0043208,MONDO:0019148
28056901,HCC,C2239176,MONDO:0007256
28427537,type 2 diabetes,C0011860,MONDO:0005148
27430924,spinal tuberculosis,C0041330,MONDO:0043836
27589009,PsA,C0003872,MONDO:0011849
27500262,hypoglycemia,C0020615,MONDO:0004946
27824334,Familial hypercholesterolemia,C0020445,MONDO:0005439
27242550,diet-induced obesity,C0028754,MONDO:0011122
27721550,hyperglycemia,C0020456,MONDO:0002909
27984052,anxiety,C0003467,MONDO:0011918
27803787,diseases,C0012634,MONDO:0000001
27571215,ADPKD,C0085413,MONDO:0004691
27266283,disease,C0012634,MONDO:0000001
27637577,AS,C0038013,MONDO:0005306
28503387,pituitary adenomas,C0032000,MONDO:0006373
28088177,Babesiosis,C0004576,MONDO:0005661
28523846,Laron-type dwarfism,C0271568,MONDO:0009877
28213015,nosocomial infections,C0205721,MONDO:0043544
27930756,diabetic macular edema,C0730285,MONDO:0004728
27683811,albino,C0001916,MONDO:0043209
28456611,cystic fibrosis,C0010674,MONDO:0009061
27427386,Leber's hereditary optic neuropathy,C0917796,MONDO:0010788
27879507,cerebrospinal fluid leakage,C0023182,MONDO:0043327
27567226,diseases,C0012634,MONDO:0000001
28288758,disease,C0012634,MONDO:0000001
28436990,pancreatic cancer,C0235974,MONDO:0005192
27516356,hepatocellular carcinoma,C2239176,MONDO:0007256
27456016,HCC,C2239176,MONDO:0007256
28450196,thyroid hormone deficiency,C0020676,MONDO:0005420
28182076,Candida coinfection,C0006840,MONDO:0002026
27407027,morbid obesity,C0028756,MONDO:0005139
27680876,AAD,C0271737,MONDO:0100480
27257694,UTI,C0042029,MONDO:0100338
28381601,nosocomial infections,C0205721,MONDO:0043544
28323937,papillary thyroid carcinomas,C0238463,MONDO:0005075
27249024,T2D,C0011860,MONDO:0005148
27470706,α1 Antitrypsin Deficency,C0221757,MONDO:0013282
27582280,bacterial infection,C0004623,MONDO:0005113
27442784,maternal vascular underperfusion,C0012634,MONDO:0000001
28370352,diseases,C0012634,MONDO:0000001
28222192,intestinal parasites,C0021832,MONDO:0024270
27518527,hypothyroidism,C0020676,MONDO:0005420
28280246,disease,C0012634,MONDO:0000001
28044140,diabetes,C0011849,MONDO:0005015
28542641,dengue infection,C0011311,MONDO:0005502
28018330,enteric disease,C0009450,MONDO:0005550
27632796,severe disease,C0012634,MONDO:0000001
27851974,diseases,C0012634,MONDO:0000001
28441459,obesity,C0028754,MONDO:0011122
28395554,disease,C0012634,MONDO:0000001
28166079,melioidosis,C0025229,MONDO:0017775
27903991,Diabetic nephropathy,C0011881,MONDO:0005016
27404944,ankylosing spondylitis,C0038013,MONDO:0005306
27965450,Pneumocystis pneumonia,C1535939,MONDO:0019121
27363212,Acute Respiratory Distress Syndrome,C0035222,MONDO:0100130
27655998,hepatitis C,C0019196,MONDO:0005231
27322653,Cervical Spondylosis,C1384641,MONDO:0008481
27553121,anxiety,C0003467,MONDO:0011918
27572131,metabolic disorders,C0025517,MONDO:0005066
27806921,Ebola,C0282687,MONDO:0005737
28399833,diseases,C0012634,MONDO:0000001
27465797,high -glucose conditions,C0020456,MONDO:0002909
28463669,disease,C0012634,MONDO:0000001
27560647,obese,C0028754,MONDO:0011122
28475787,MERS,C3694279,MONDO:0100116
28040771,defibrillator-associated endocarditis,C0012634,MONDO:0000001
28440090,spermatocytic seminoma,C0334517,MONDO:0020513
28515464,Tuberculosis,C0041296,MONDO:0018076
27467556,Cryptococcal Meningitis,C0085436,MONDO:0005723
27359178,disease,C0012634,MONDO:0000001
27773614,hepatocellular carcinoma,C2239176,MONDO:0007256
27573199,cancer prone syndrome,C0039082,MONDO:0002254
27635144,biofilm -related infections,C0004623,MONDO:0005113
27982304,malaria,C0024530,MONDO:0005136
27589009,psoriatic arthritis,C0003872,MONDO:0011849
27547432,cardiac sarcoidosis,C0392077,MONDO:0001707
27430924,lymphoid tuberculosis,C0041296,MONDO:0018076
27597994,infectious diseases,C0009450,MONDO:0005550
28413179,Cyclic thrombocytopenia,C0272282,MONDO:0008556
28099123,polycystic ovary syndrome,C0032460,MONDO:0008487
27481907,Disease,C0012634,MONDO:0000001
27363212,ARDS,C0035222,MONDO:0100130
27515243,disorder,C0012634,MONDO:0000001
28513923,bird-related hypersensitivity pneumonitis,C0005592,MONDO:0005668
27681182,MDR rate,C0206526,MONDO:0005861
28089587,hypoglycemia,C0020615,MONDO:0004946
27992983,disease,C0012634,MONDO:0000001
28462032,grape sour rot,C0012634,MONDO:0000001
27261587,Diabetic nephropathy,C0011881,MONDO:0005016
28339345,lipotoxicity,C0039082,MONDO:0002254
28235956,aneuploidy,C0002938,MONDO:0700064
27131339,OSCC,C0585362,MONDO:0004958
27807162,eating disorders,C0013473,MONDO:0005451
28226026,Diabetes mellitus,C0011849,MONDO:0005015
28074147,amyloidosis,C0002726,MONDO:0019065
27760981,TOS,C1956395,MONDO:0018164
27717775,cerebrospinal fluid leakage,C0023182,MONDO:0043327
28127863,22q11.2 deletion syndrome,C0012236,MONDO:0008564
28284685,pneumonia,C0032285,MONDO:0005249
27720895,pituitary adenoma,C0032000,MONDO:0006373
27933285,disorders,C0012634,MONDO:0000001
28383652,Primary sclerosing cholangitis,C0566602,MONDO:0013433
28323937,thyroid carcinomas,C0549473,MONDO:0015075
28420030,PSC,C0566602,MONDO:0013433
28432481,SCC,C0280321,MONDO:0044638
27499974,positional apneas,C0520679,MONDO:0007147
28050885,disease,C0012634,MONDO:0000001
27259326,liver cancer,C0345904,MONDO:0002691
28513923,idiopathic interstitial pneumonias,C2350236,MONDO:0002429
27729085,conventional,C0008487,MONDO:0008978
27899295,BED,C0596170,MONDO:0005582
28229097,infectious diseases,C0009450,MONDO:0005550
28442243,Fragile X syndrome,C0016667,MONDO:0010383
27466300,DTC,C1337013,MONDO:0015447
28109920,Sarcoid,C0392077,MONDO:0001707
28081741,Nasopharyngeal Carcinoma,C2931822,MONDO:0015459
27648744,pathological gamblers,C0030662,MONDO:0011662
28061895,pancreatic ductal adenocarcinoma,C1335302,MONDO:0005184
27635325,anxiety,C0003467,MONDO:0011918
28513195,anxiety,C0003467,MONDO:0011918
27429532,SLE,C0024141,MONDO:0007915
27364111,occupational disease,C0028797,MONDO:0100366
28293475,diabetes mellitus,C0011849,MONDO:0005015
28542641,Dengue virus (DENV) infection,C0011311,MONDO:0005502
28093505,ulcerations,C0041582,MONDO:0043839
27720895,pituitary tumors,C0032019,MONDO:0017611
27921993,leishmaniasis,C0023281,MONDO:0011989
28163288,HIS,C0037974,MONDO:0021839
28228265,Friedreich ataxia,C0016719,MONDO:0100339
27928393,Leber hereditary optic neuropathy,C0917796,MONDO:0010788
27354236,type 1 diabetes,C0011854,MONDO:0005147
27975209,hypoglycaemia,C0020615,MONDO:0004946
27510784,GISTs,C0238198,MONDO:0011719
27740919,JIA,C3495559,MONDO:0011429
27408381,triglycerides,C0813230,MONDO:0005347
27761922,HBV infection,C0019163,MONDO:0005344
27847549,acne,C0702166,MONDO:0011438
27920749,disorders,C0012634,MONDO:0000001
27578894,Nosocomial infections,C0205721,MONDO:0043544
27765603,"hand, foot, and mouth disease",C0018572,MONDO:0005779
27588935,prediabetes,C0362046,MONDO:0006920
27899384,tuberculous,C0041296,MONDO:0018076
28548973,disease,C0012634,MONDO:0000001
28093505,erythropoietic protoporphyria,C0162568,MONDO:0001676
27631472,syndromes,C0039082,MONDO:0002254
27935981,Townes Sickle Cell,C0002895,MONDO:0011382
27706773,disease,C0012634,MONDO:0000001
27490448,Adrenal Adenomas,C0206667,MONDO:0003924
28358612,pica,C0031873,MONDO:0001441
27930756,Diabetic macular edema,C0730285,MONDO:0004728
28296655,gastroesophageal reflux disease,C0017168,MONDO:0007186
28439713,disease,C0012634,MONDO:0000001
28244050,obesity,C0028754,MONDO:0011122
27423449,pancreatic cancer,C0030297,MONDO:0021040
27589009,rheumatoid arthritis,C0003873,MONDO:0008383
28420066,disease,C0012634,MONDO:0000001
28010062,diseases,C0012634,MONDO:0000001
27832159,obese,C0028754,MONDO:0011122
28266699,Lethal Pneumonia,C0032285,MONDO:0005249
27479458,Acute Pancreatitis,C0001339,MONDO:0006515
27559330,disorder,C0012634,MONDO:0000001
27794108,mitochondrial myopathies,C0162670,MONDO:0009637
28348808,bacteraemia,C0004610,MONDO:0005229
28389961,cholera,C0008354,MONDO:0015766
27832159,Obesity,C0028754,MONDO:0011122
28285309,diabetes mellitus,C0011849,MONDO:0005015
28018330,contagious,C0009450,MONDO:0005550
28011408,anorexia nervosa,C0003125,MONDO:0005351
28179690,diabetic,C0011860,MONDO:0005148
28436433,pathology,C0012634,MONDO:0000001
28516841,pneumonia,C0032285,MONDO:0005249
27571883,extracranial disease,C0012634,MONDO:0000001
28475787,Middle East Respiratory Syndrome,C3694279,MONDO:0100116
28456990,Lysosomal Storage Disorders,C0085078,MONDO:0002561
28440090,Spermatocytic Tumor,C0334517,MONDO:0020513
27576084,diseases,C0012634,MONDO:0000001
27449508,infectious disease,C0009450,MONDO:0005550
27267338,systemic lupus erythematous,C0024141,MONDO:0007915
28396744,diabetic nephropathy,C0011881,MONDO:0005016
27861593,bacterial infections,C0004623,MONDO:0005113
28340580,HCMV infection,C0010823,MONDO:0005132
27994913,AS,C0038013,MONDO:0005306
27639826,obesity,C0028754,MONDO:0011122
28533939,disease,C0012634,MONDO:0000001
27447713,Adenine phosphoribosyltransferase deficiency,C0268120,MONDO:0013869
28367636,anxieties,C0003467,MONDO:0011918
28433448,Type 2 diabetes,C0011860,MONDO:0005148
28471772,severe anorexia nervosa,C0003125,MONDO:0005351
28002085,PLHIV,C0019693,MONDO:0005109
27941815,goiters,C0018021,MONDO:0005397
28473083,median arcuate ligament syndrome,C1861783,MONDO:0004914
28469721,VD deficiency,C0042870,MONDO:0100471
28453826,diseases,C0012634,MONDO:0000001
27495798,BSI,C0004610,MONDO:0005229
27737333,PTC,C0238463,MONDO:0005075
28033191,ABCs,C0152244,MONDO:0018815
27239445,liver cancer,C2239176,MONDO:0007256
27760981,TOS,C0039984,MONDO:0005979
28456990,Mucoplysaccharidoses,C0026703,MONDO:0019249
28081741,NPC,C2931822,MONDO:0015459
27239953,obesity,C0028754,MONDO:0011122
28363626,syndrome,C0039082,MONDO:0002254
27338295,metabolic syndrome,C0025517,MONDO:0005066
28295777,genetic diseases,C0019247,MONDO:0003847
28373959,urinary tract infections,C0042029,MONDO:0100338
28469422,Dengue fever,C0011311,MONDO:0005502
27608421,grapevine trunk,C0012634,MONDO:0000001
28063305,oral candidiasis,C0006849,MONDO:0005886
27582109,Polycystic ovary syndrome,C0032460,MONDO:0008487
28168514,severe obesity,C0028756,MONDO:0005139
28450196,HZ,C0019360,MONDO:0005609
27721721,acute cholecystitis,C0149520,MONDO:0043994
28237953,abortion,C0156543,MONDO:0041526
27678317,Thyroid cancer,C0007115,MONDO:0002108
27333594,NPC,C2931822,MONDO:0015459
28228265,FRDA,C0016719,MONDO:0100339
27927213,multiple acyl-CoA dehydrogenase deficient,C0268596,MONDO:0009282
27249024,obesity,C0028754,MONDO:0011122
27706165,Leprosy,C0023343,MONDO:0005124
28213926,hypercalcemia,C0020437,MONDO:0001566
28503431,retinal detachment,C0035305,MONDO:0008375
27788142,PE,C0032914,MONDO:0005081
28438975,skin,C0037278,MONDO:0021201
28067119,HIV-infected,C0019693,MONDO:0005109
27920091,Type 1 diabetes,C0011854,MONDO:0005147
27802454,aPDAC,C1335302,MONDO:0005184
27245335,obesity,C0028754,MONDO:0011122
28180050,Paraganglioma,C0030421,MONDO:0000448
27529866,furunculosis,C0016867,MONDO:0100595
27668791,Ménière's disease,C0025281,MONDO:0007972
28083459,Pott's disease,C0041330,MONDO:0043836
28345005,disease,C0012634,MONDO:0000001
28086838,Fitz-Hugh-Curtis syndrome,C0549148,MONDO:0023158
28222139,Leprosy,C0023343,MONDO:0005124
28549770,non- hematologic diseases,C0012634,MONDO:0000001
28379326,ID,C0009450,MONDO:0005550
27671656,orchitis,C0029191,MONDO:0006882
28464953,lethal radiation syndrome,C0039082,MONDO:0002254
28471941,coinfections,C0275524,MONDO:0100128
28440090,chondrosarcomatous component,C0008479,MONDO:0008977
27813022,intussusception,C0021933,MONDO:0007835
27941991,melioidosis infection,C0025229,MONDO:0017775
28084988,hypoglycemia,C0020615,MONDO:0004946
27925180,disease,C0012634,MONDO:0000001
27933173,ACS,C0948089,MONDO:0005542
28011408,AN,C0003125,MONDO:0005351
27941815,papillary thyroid carcinoma,C0238463,MONDO:0005075
27864317,congenital adrenal hyperplasia,C0001627,MONDO:0018479
27754781,diseases,C0012634,MONDO:0000001
28549770,inversion 3,C0021943,MONDO:0043678
27473375,anxiety,C0003467,MONDO:0011918
27588935,hyperglycemia,C0020456,MONDO:0002909
27753022,achondroplasia,C0001080,MONDO:0007037
27641480,condition,C0039082,MONDO:0002254
27481907,systemic sclerosis,C0036421,MONDO:0005100
27420620,obesity,C0028754,MONDO:0011122
27316920,disease,C0012634,MONDO:0000001
28108802,osteoporotic,C0029456,MONDO:0005298
28166079,Melioidosis,C0025229,MONDO:0017775
27865242,Tuberculosis,C0041296,MONDO:0018076
26797704,anxiety,C0003467,MONDO:0011918
27580610,systemic lupus erythematosus,C0024141,MONDO:0007915
28314676,DM,C0011849,MONDO:0005015
27440725,aneurysmal bone cyst,C0152244,MONDO:0018815
27905324,Primary neuroendocrine carcinoma,C0206695,MONDO:0002120
27744500,postpartum psychosis,C0520678,MONDO:0018623
27403105,disorders,C0012634,MONDO:0000001
27465797,DN,C0011881,MONDO:0005016
27403338,PEX syndrome,C0206368,MONDO:0008327
27639826,type 2 diabetes,C0011860,MONDO:0005148
28213926,hyperparathyroidism,C0221002,MONDO:0010837
27387068,Localized Scleroderma,C0036420,MONDO:0019562
28166079,abscess,C0000833,MONDO:0005227
27508328,hepatocellular carcinoma,C2239176,MONDO:0007256
28481342,pancreatic ductal adenocarcinomas,C1335302,MONDO:0005184
27943546,Hypoglycaemia,C0020615,MONDO:0004946
28264678,malaria,C0024530,MONDO:0005136
27998493,TB,C0041296,MONDO:0018076
28065172,type 2 diabetes mellitus,C0011860,MONDO:0005148
28432944,oncological diseases,C0012634,MONDO:0000001
27389831,Dementia with Lewy Bodies,C0752347,MONDO:0007488
27476158,hyperparathyroidism,C0020502,MONDO:0001741
28242379,diseased,C0012634,MONDO:0000001
27884439,ticks,C0040196,MONDO:0005980
28228242,vitamin D deficiency,C0042870,MONDO:0100471
27430924,tuberculous pleural effusions,C0041326,MONDO:0005922
27721721,annular pancreas,C0149955,MONDO:0008183
27841837,pain disease,C0012634,MONDO:0000001
28508329,HCC,C2239176,MONDO:0007256
27086366,disease,C0012634,MONDO:0000001
28078640,neurofibromatosis type 1,C0027831,MONDO:0018975
27651178,HELLP Syndrome,C0162739,MONDO:0008585
28542641,DENV infection,C0011311,MONDO:0005502
27761762,neoplastic disease,C1882062,MONDO:0021058
28396345,diseases,C0012634,MONDO:0000001
28356129,metabolic dysfunction,C0025517,MONDO:0005066
27456016,FLC,C0334287,MONDO:0006210
28087508,Impaired Glucose Tolerance,C0271650,MONDO:0001076
27351941,diabetic,C0011849,MONDO:0005015
27761762,other diseases,C0012634,MONDO:0000001
28085490,obsessive compulsive disorder,C0028768,MONDO:0008114
27884439,tick,C0040196,MONDO:0005980
28456990,Krabbe,C0023521,MONDO:0009499
28209183,cryptorchidism,C0010417,MONDO:0009047
27837017,disease,C0024530,MONDO:0005136
27354219,SLE),C0024141,MONDO:0007915
27600888,diseases,C0012634,MONDO:0000001
28468175,condition,C0012634,MONDO:0000001
27867860,prediabetes,C0362046,MONDO:0006920
28110936,prediabetes,C0362046,MONDO:0006920
27599001,diseases,C0012634,MONDO:0000001
28361121,PCP,C1535939,MONDO:0019121
27765603,HFMD,C0018572,MONDO:0005779
27748842,Hepatocellular carcinoma,C2239176,MONDO:0007256
27458601,disease,C0012634,MONDO:0000001
28064539,obesity,C0028754,MONDO:0011122
28195652,Tuberculosis,C0041296,MONDO:0018076
27589009,AS,C0038013,MONDO:0005306
27652718,hypoglycemia,C0020615,MONDO:0004946
27697674,T2D,C0011860,MONDO:0005148
27635790,disease,C0012634,MONDO:0000001
28501443,diabetes mellitus,C0011849,MONDO:0005015
27312379,UTI,C0042029,MONDO:0100338
27604152,MRSA infection,C0343401,MONDO:0100073
27437203,metabolic,C0025517,MONDO:0005066
28135997,anxiety,C0003467,MONDO:0011918
28320690,STBBIs,C0012634,MONDO:0000001
27828852,OSCC,C0585362,MONDO:0004958
28399372,Gram-negative infections,C0085423,MONDO:0021678
28298837,Dengue infection,C0011311,MONDO:0005502
27647451,obesity,C0028754,MONDO:0011122
27787497,metabolic-associated diseases,C0025517,MONDO:0005066
28205489,QSS,C0039082,MONDO:0002254
28177993,Disorders,C0012634,MONDO:0000001
28456990,disorder,C0012634,MONDO:0000001
27829141,disease,C0024530,MONDO:0005136
27504100,disorder,C0012634,MONDO:0000001
27899384,tuberculosis,C0041296,MONDO:0018076
28447201,diabetic macular edema,C0730285,MONDO:0004728
28539075,disease,C0012634,MONDO:0000001
28333018,disease,C0012634,MONDO:0000001
27824334,FH,C0020445,MONDO:0005439
28085490,anxiety,C0003467,MONDO:0011918
27439969,metabolic disorders,C0025517,MONDO:0005066
28390852,obesity,C0028754,MONDO:0011122
28392965,IVD degeneration,C0158266,MONDO:0011385
28394851,JIA,C3495559,MONDO:0011429
28286688,hypothyroid,C0020676,MONDO:0005420
28394851,juvenile idiopathic arthritis,C3495559,MONDO:0011429
27692319,Fasciolosis,C0015652,MONDO:0004668
27802454,pancreatic ductal adenocarcinoma,C1335302,MONDO:0005184
27407027,obese,C0028754,MONDO:0011122
28249160,disease,C0012634,MONDO:0000001
27708714,Xq28 duplication,C2749007,MONDO:0010436
27275827,obese,C0028754,MONDO:0011122
28179690,vitamin D deficiency,C0042870,MONDO:0100471
27284118,obsessive compulsive disorder,C0028768,MONDO:0008114
28028852,Guillain-Barré syndrome,C0018378,MONDO:0016218
28545416,NPC,C2931822,MONDO:0015459
28145564,prediabetes,C0362046,MONDO:0006920
28481342,PDAs,C1335302,MONDO:0005184
27994578,enteric disorders,C0012634,MONDO:0000001
28250430,pest,C0032064,MONDO:0019095
28482961,tuberculosis,C0041296,MONDO:0018076
28330678,Diabetic retinopathy,C0011884,MONDO:0005266
27987038,ADPKD,C0085413,MONDO:0004691
28403387,anxiety,C0003467,MONDO:0011918
27648744,Gambling disorders,C0030662,MONDO:0011662
27257822,Pertussis,C0043167,MONDO:0005077
28320690,STI,C0036916,MONDO:0021681
28501443,ocular surface disorder,C0013238,MONDO:0006733
27508384,BBD,C0016034,MONDO:0005219
28229097,vitamin D deficiency,C0042870,MONDO:0100471
28099597,disease,C0012634,MONDO:0000001
28534189,type 2 diabetes,C0011860,MONDO:0005148
27866868,HFrEF,C0012634,MONDO:0000001
28370352,pitting scars,C0012634,MONDO:0000001
28130086,anxiety,C0003467,MONDO:0011918
28105138,disease,C0012634,MONDO:0000001
27473951,measles,C0025007,MONDO:0004619
27669294,obesity,C0028754,MONDO:0011122
28079476,infectious diseases,C0009450,MONDO:0005550
28386663,nephrotic syndrome,C0027726,MONDO:0005377
28040133,uniparental disomy,C0949628,MONDO:0700086
28316031,disorders,C0012634,MONDO:0000001
28345005,LINCL,C0022340,MONDO:0015674
27660667,obese,C0028754,MONDO:0011122
27688460,histoplasmosis,C0019655,MONDO:0018312
28515464,diabetes mellitus,C0011849,MONDO:0005015
28524704,type 1 diabetic,C0011854,MONDO:0005147
28395912,ventricular ectopy,C0012634,MONDO:0000001
28105138,ACS,C0948089,MONDO:0005542
28387468,Sella turcica bridging,C1866959,MONDO:0008424
27318553,vestibular disorder,C0042594,MONDO:0002643
27994913,disease,C0012634,MONDO:0000001
28108302,lysosomal storage disorder,C0085078,MONDO:0002561
28108302,disease,C0012634,MONDO:0000001
27638250,PTLD,C0432487,MONDO:0019088
27692319,condition,C0012634,MONDO:0000001
28286688,Hypothyroidism,C0020676,MONDO:0005420
28108610,prediabetes,C0362046,MONDO:0006920
28266114,rheumatoid arthritis,C0003873,MONDO:0008383
27641480,MERS,C0039082,MONDO:0002254
28436433,disease,C0012634,MONDO:0000001
27743718,Necrotizing Fasciitis,C0238124,MONDO:0004835
27729085,Chordoma,C0008487,MONDO:0008978
27499974,positional obstructive sleep apnea,C0520679,MONDO:0007147
28456990,lysosomal storage disorders,C0085078,MONDO:0002561
28317028,tuberculosis,C0041296,MONDO:0018076
27994913,Ankylosing spondylitis,C0038013,MONDO:0005306
27336882,salmonellosis,C0036117,MONDO:0000827
27655319,AIDS,C0001175,MONDO:0012268
28194574,recessive PKD,C0085548,MONDO:0009889
27935078,calciphylaxis,C0006666,MONDO:0017215
27233466,anxiety,C0003467,MONDO:0011918
28067006,obsessive compulsive disorder,C0028768,MONDO:0008114
28427543,anxiety,C0003467,MONDO:0011918
27768715,gout,C0018099,MONDO:0005393
27867860,morbidly obese,C0028756,MONDO:0005139
27787906,disease,C0012634,MONDO:0000001
28217198,Disorders,C0012634,MONDO:0000001
28471772,Anorexia Nervosa,C0003125,MONDO:0005351
28339345,PCOS,C0032460,MONDO:0008487
27240437,co-infected,C0275524,MONDO:0100128
28330678,DM,C0011854,MONDO:0005147
28357982,co-infection,C0275524,MONDO:0100128
28254372,pancreatic adenocarcinoma,C0281361,MONDO:0006047
28268114,Chagas disease,C0041234,MONDO:0001444
28191654,comorbid diseases,C0012634,MONDO:0000001
27598421,ZIKV infection,C0276289,MONDO:0018661
27843267,urinary tract infections,C0042029,MONDO:0100338
27234031,disorders,C0012634,MONDO:0000001
27489015,tuberculosis,C0041296,MONDO:0018076
28364434,Obstructive sleep apnea,C0520679,MONDO:0007147
28194801,disease,C0012634,MONDO:0000001
27515243,ASA deficiency,C0268547,MONDO:0008815
27916672,disorders,C0012634,MONDO:0000001
27930756,diabetic retinopathy,C0011884,MONDO:0005266
28339345,Lipotoxicity,C0039082,MONDO:0002254
27998307,vasculitis,C0042384,MONDO:0018882
27933173,hyperthyroidism,C0020550,MONDO:0004425
27381670,preeclampsia,C0032914,MONDO:0005081
27571215,polycystic liver disease,C0158683,MONDO:0000447
27548715,disease,C0012634,MONDO:0000001
28229097,obesity,C0028754,MONDO:0011122
27903991,DN,C0011881,MONDO:0005016
27847836,Acute Pancreatitis,C0001339,MONDO:0006515
27650225,SIBO,C3160854,MONDO:0400000
27656399,obesity,C0028754,MONDO:0011122
28433844,Tethered cord syndrome,C0080218,MONDO:0006995
27245524,EDS,C0013720,MONDO:0020066
27605910,hypocortisolism,C0001403,MONDO:0015129
27872609,condition,C0012634,MONDO:0000001
28223128,co-infection,C0275524,MONDO:0100128
27589009,ankylosing spondylitis,C0038013,MONDO:0005306
27932645,diseases,C0012634,MONDO:0000001
27998493,diseases,C0012634,MONDO:0000001
28420059,systemic lupus erythematosus,C0024141,MONDO:0007915
27752009,Tuberculosis,C0041296,MONDO:0018076
28459124,Zebra Chip,C0012634,MONDO:0000001
27908689,hyperglycaemia,C0020456,MONDO:0002909
27727240,anxiety,C0003467,MONDO:0011918
27922979,ovarian cancer,C1140680,MONDO:0008170
28351136,disease,C0012634,MONDO:0000001
28501028,Castleman disease,C1334815,MONDO:0019754
28179690,type-2 diabetes mellitus,C0011860,MONDO:0005148
28238581,hepatocellular tumors,C2239176,MONDO:0007256
27849637,pneumonia,C0032285,MONDO:0005249
28343418,disease,C0012634,MONDO:0000001
27643901,medical conditions,C0012634,MONDO:0000001
28231785,inborn genetic disorders,C0019247,MONDO:0003847
27777603,obesity,C0028754,MONDO:0011122
27662437,Prader-Willi Syndrome,C0032897,MONDO:0008300
28336141,acute pancreatitis,C0001339,MONDO:0006515
28103841,anxiety,C0003467,MONDO:0011918
27542789,third degree,C0151517,MONDO:0000468
27260450,leishmaniasis,C0023281,MONDO:0011989
28436990,nasopharyngeal carcinoma,C2931822,MONDO:0015459
27933173,hyperemesis gravidarum,C0020450,MONDO:0006791
27740919,juvenile idiopathic arthritis,C3495559,MONDO:0011429
28003168,Cushing syndrome,C0010481,MONDO:0018912
28456990,Pompe,C0017921,MONDO:0009290
28328127,Intrachromosomal triplications,C0041107,MONDO:0700065
27321338,Obesity,C0028754,MONDO:0011122
27677165,HIV,C0019693,MONDO:0005109
27436784,gigantism,C0017547,MONDO:0020479
26876532,parathyroid neoplasm,C0030521,MONDO:0021360
27752009,Extrapulmonary TB,C0679362,MONDO:0000368
28203549,diabetes mellitus,C0011849,MONDO:0005015
27655998,HIV,C0019693,MONDO:0005109
27734182,diseased,C0012634,MONDO:0000001
27508301,cardiometabolic,C0025517,MONDO:0005066
27348711,allergic rhinitis,C2607914,MONDO:0011786
27336004,disease,C0012634,MONDO:0000001
27494903,diseases,C0012634,MONDO:0000001
27515243,Argininosuccinic acid lyase (ASL) deficiency,C0268547,MONDO:0008815
28087919,lysosomal storage disease,C0085078,MONDO:0002561
27851729,genetic disorders,C0019247,MONDO:0003847
27935078,calcific uremic arteriolopathy,C0006666,MONDO:0017215
28385001,diseases,C0012634,MONDO:0000001
27829141,malaria,C0024530,MONDO:0005136
28482961,active tuberculosis,C0151332,MONDO:0100481
28018693,syndrome,C0039082,MONDO:0002254
28274876,Rheumatoid arthritis,C0003873,MONDO:0008383
28177993,disorders,C0012634,MONDO:0000001
28266114,chronic periodontitis,C0266929,MONDO:0009850
28137551,Pituitary Adenomas,C0032000,MONDO:0006373
28179938,abscess,C0000833,MONDO:0005227
28332360,chronic hepatitis B,C0524909,MONDO:0005366
28270369,TYPE 1 DIABETES MELLITUS,C0011854,MONDO:0005147
28315039,disease,C0012634,MONDO:0000001
27436784,Beckwith-Wiedemann syndrome,C0004903,MONDO:0007534
27489603,rheumatoid arthritis,C0003873,MONDO:0008383
28203067,disease,C0012634,MONDO:0000001
28368473,ATC,C0238461,MONDO:0006468
27698916,obesity,C0028754,MONDO:0011122
28340580,human cytomegalovirus (HCMV) infection,C0010823,MONDO:0005132
28503431,Marfan's syndrome,C0024796,MONDO:0007947
28005982,obese,C0028754,MONDO:0011122
27886041,CF,C0010674,MONDO:0009061
28301539,malaria,C0024530,MONDO:0005136
27264279,osteoporosis,C0029456,MONDO:0005298
28003168,ACTH-secreting macroadenoma,C1306214,MONDO:0006068
28515448,hyperphosphatemic,C0085681,MONDO:0000328
27677165,hyperglycemia,C0020456,MONDO:0002909
28145564,type 2 diabetes mellitus,C0011860,MONDO:0005148
27245335,glucose intolerance,C0271650,MONDO:0001076
28338247,hypoglycaemia,C0020615,MONDO:0004946
27927213,MCAD deficiency,C0220710,MONDO:0008721
28427537,metabolic syndrome,C0039082,MONDO:0002254
28193167,meticulous disease,C0012634,MONDO:0000001
27907099,Tuberous Sclerosis Complex,C0041341,MONDO:0001734
27285457,diabetic retinopathy,C0011884,MONDO:0005266
28465502,metabolic syndrome,C0025517,MONDO:0005066
27761922,hepatitis B,C0019163,MONDO:0005344
27519262,HIV infected,C0019693,MONDO:0005109
28192171,Secondary amyloidosis,C0002726,MONDO:0019065
27773526,ob/ob,C0028754,MONDO:0011122
27885308,disease,C0012634,MONDO:0000001
27999240,tuberculosis,C0041296,MONDO:0018076
27589009,RA,C0003873,MONDO:0008383
27670653,disease,C0012634,MONDO:0000001
27093899,Calciphylaxis,C0006666,MONDO:0017215
27788142,Pre-eclampsia,C0032914,MONDO:0005081
28026871,anaplastic thyroid carcinoma,C0238461,MONDO:0006468
28379026,diseases,C0012634,MONDO:0000001
27415757,Tuberculosis,C0041296,MONDO:0018076
27480504,disease,C0012634,MONDO:0000001
27936092,syphilis,C0039128,MONDO:0005976
28132082,cystic fibrosis,C0010674,MONDO:0009061
27626511,Staphylococcus aureus infections,C1318973,MONDO:0005545
27237301,diabetic nephropathy,C0011881,MONDO:0005016
27958243,malaria,C0024530,MONDO:0005136
27651178,inborn errors of metabolism,C0025521,MONDO:0019052
27753022,cystic fibrosis,C0010674,MONDO:0009061
28290961,long QT syndrome,C0023976,MONDO:0002442
27366556,Pheochromocytoma,C0031511,MONDO:0008233
28314676,diabetes mellitus,C0011849,MONDO:0005015
27865242,tuberculosis,C0041296,MONDO:0018076
27434112,pituitary,C0032019,MONDO:0017611
27572131,obesity,C0028754,MONDO:0011122
27998493,tuberculosis,C0041296,MONDO:0018076
27813599,ankylosing spondylitis,C0038013,MONDO:0005306
28329001,ulcers,C0041582,MONDO:0043839
27440725,nodular fasciitis,C0410005,MONDO:0004187
27318553,vestibular disorders,C0042594,MONDO:0002643
28330678,proliferative diabetic retinopathy,C0154830,MONDO:0001660
28353042,hyperglycemia,C0020456,MONDO:0002909
27824969,disease,C0012634,MONDO:0000001
27704268,disease,C0012634,MONDO:0000001
27760426,disease,C0012634,MONDO:0000001
27804311,diseases,C0012634,MONDO:0000001
28379026,Gilbert syndrome,C0017551,MONDO:0007745
27326810,Pulmonary-Hepatic Disorders,C0012634,MONDO:0000001
28229097,cystic fibrosis,C0010674,MONDO:0009061
28209183,Kallmann syndrome,C0162809,MONDO:0018800
27771814,disorders,C0012634,MONDO:0000001
28529546,type 2 diabetes,C0011860,MONDO:0005148
28392965,degenerative disc disease,C0158266,MONDO:0011385
27343757,PC,C0235974,MONDO:0005192
28513923,nonspecific interstitial pneumonia,C1290344,MONDO:0019622
28077898,diseases,C0012634,MONDO:0000001
28469422,viremic infectious stage,C0012634,MONDO:0000001
27891581,disease,C0012634,MONDO:0000001
28222139,leprosy,C0023343,MONDO:0005124
28468175,Wiedemann-Rautenstrauch Syndrome,C0406586,MONDO:0009910
28087508,impaired glucose tolerance,C0271650,MONDO:0001076
28134011,disease,C0012634,MONDO:0000001
28304405,disorders,C0012634,MONDO:0000001
27714651,biliary tract carcinoma,C0206698,MONDO:0019087
28442243,Fragile X,C0016667,MONDO:0010383
27752009,tuberculosis,C0041296,MONDO:0018076
28443481,imprinting disorders,C0012634,MONDO:0000001
27446352,diseases,C0012634,MONDO:0000001
28389985,malaria,C0024530,MONDO:0005136
28541870,psoriatic arthritis,C0003872,MONDO:0011849
28099123,PCOS,C0032460,MONDO:0008487
27467556,HIV,C0019693,MONDO:0005109
28400402,thyroid cancer,C0007115,MONDO:0002108
28222314,anxiety,C0003467,MONDO:0011918
27386263,disease,C0012634,MONDO:0000001
28143560,clinical disease,C0012634,MONDO:0000001
27749392,inherited disorder,C0019247,MONDO:0003847
28408723,disease,C0012634,MONDO:0000001
27430924,tuberculous pleurisy,C0041326,MONDO:0005922
28034384,disorder,C0012634,MONDO:0000001
28515448,hyperphosphatemia,C0085681,MONDO:0000328
28165762,Anxiety,C0003467,MONDO:0011918
27941815,DTC,C1337013,MONDO:0015447
27760552,Malaria,C0024530,MONDO:0005136
28033191,Aneurysmal bone cyst,C0152244,MONDO:0018815
27623725,hypothyroidism,C0020676,MONDO:0005420
27748842,HCC,C2239176,MONDO:0007256
27457924,underlying disease,C0012634,MONDO:0000001
27573702,acquired immune deficiency syndrome,C0001175,MONDO:0012268
27781034,22q11.2 Deletion Syndrome,C0012236,MONDO:0008564
27696493,multisystem organ failure,C0026766,MONDO:0043726
27761762,pulmonary sarcoidosis,C0036205,MONDO:0001708
28357982,Co-infection,C0275524,MONDO:0100128
28130212,AL amyloidosis,C0268381,MONDO:0019438
28409370,disease,C0012634,MONDO:0000001
28257468,disease,C0012634,MONDO:0000001
27692274,T1D,C0011854,MONDO:0005147
28013377,anxiety,C0003467,MONDO:0011918
27677165,GDM,C0085207,MONDO:0005406
27935981,sickle,C0002895,MONDO:0011382
28163288,amoebic colitis,C0013370,MONDO:0024275
28495811,Chronic fatigue syndrome,C0015674,MONDO:0005404
27794108,mitochondrial myopathy,C0162670,MONDO:0009637
28326936,bone cancer,C0279530,MONDO:0002129
27776171,Pancreatitis,C0030305,MONDO:0004982
28003168,Cushing's Disease,C0010481,MONDO:0018912
28263809,hyperlipidaemia,C0020473,MONDO:0021187
28386950,intestinal malrotation,C0221210,MONDO:0008666
28286285,type-1 diabetes mellitus,C0011854,MONDO:0005147
27304655,Vitamin D deficiency,C0042870,MONDO:0100471
27721550,hypo,C0020615,MONDO:0004946
28548973,diseases,C0012634,MONDO:0000001
27965132,Fournier's gangrene,C0238419,MONDO:0043352
27772674,syndromic,C0039082,MONDO:0002254
27451448,diseased,C0012634,MONDO:0000001
27771865,PCOS,C0032460,MONDO:0008487
28055578,Q fever,C0034362,MONDO:0019186
27634799,OSA,C0520679,MONDO:0007147
27697674,obesity,C0028754,MONDO:0011122
28141713,obstructive sleep apnea,C0520679,MONDO:0007147
27761762,sarcoidosis,C0036202,MONDO:0019338
27903991,diabetes mellitus,C0011849,MONDO:0005015
28518216,disease,C0012634,MONDO:0000001
27314527,type 2 diabetes,C0011860,MONDO:0005148
27370179,advanced cancer of the pancreas,C0235974,MONDO:0005192
28379326,Infectious diseases,C0009450,MONDO:0005550
28229061,Central Myxoma,C0027149,MONDO:0044784
28437199,type 2 diabetes mellitus,C0011860,MONDO:0005148
28334854,HPV-related pathologies,C0343641,MONDO:0005161
28110694,Tourette's,C0040517,MONDO:0007661
27172917,papillary thyroid carcinoma,C0238463,MONDO:0005075
27647451,type 2 diabetes mellitus,C0011860,MONDO:0005148
27856018,HIV-infected,C0019693,MONDO:0005109
28125165,diseases,C0012634,MONDO:0000001
27709647,pneumonia,C0032285,MONDO:0005249
28168514,obesity,C0028754,MONDO:0011122
27059693,Rheumatoid Arthritis,C0003873,MONDO:0008383
28277932,parasite infection,C0030499,MONDO:0005135
28469905,infections,C0009450,MONDO:0005550
28536535,hyperlipidemia,C0020473,MONDO:0021187
27935120,HPV infection,C0343641,MONDO:0005161
27669157,disease,C0012634,MONDO:0000001
27602107,squamous cell carcinoma of the tongue,C0349566,MONDO:0000500
28268982,combined pulmonary fibrosis emphysema syndrome,C3872815,MONDO:0017591
28139371,morbidly obese,C0028756,MONDO:0005139
27304655,VDDs,C0042870,MONDO:0100471
27703342,chronic lung inflammation,C0032285,MONDO:0005249
27433933,KD,C0026691,MONDO:0012727
28241985,anorexia nervosa,C0003125,MONDO:0005351
28109920,active cardiac sarcoidosis,C0392077,MONDO:0001707
27925527,Ebola,C0282687,MONDO:0005737
28508329,hepatocellular carcinoma,C2239176,MONDO:0007256
27061776,pneumonia,C0032285,MONDO:0005249
27753022,Disorders,C0012634,MONDO:0000001
27366556,Phaeochromocytoma,C0031511,MONDO:0008233
28217611,Pyoderma gangrenosum,C0085652,MONDO:0018824
28348057,CF,C0010674,MONDO:0009061
27876145,diseases,C0012634,MONDO:0000001
28317028,disease,C0012634,MONDO:0000001
28182705,pulmonary,C0041327,MONDO:0006052
27708714,genomic syndromes,C0019247,MONDO:0003847
27545829,metabolic disorders,C0025517,MONDO:0005066
28083459,TB,C0041296,MONDO:0018076
27590047,diseases,C0012634,MONDO:0000001
27356936,diseases,C0012634,MONDO:0000001
27922526,abruption,C0000832,MONDO:0004846
27417076,pre-eclampsia,C0032914,MONDO:0005081
27753022,Apert syndrome,C0001193,MONDO:0007041
28468980,parasitemia,C0242723,MONDO:0024314
28328136,sex-reversal syndrome,C0039082,MONDO:0002254
28482961,TB,C0041296,MONDO:0018076
27837017,Plasmodium falciparum (Pf) malaria,C0024535,MONDO:0005920
28209183,"46,XY disorder of sex development",C2751824,MONDO:0020040
27570685,disorder,C0012634,MONDO:0000001
27326810,disorders,C0012634,MONDO:0000001
27476889,Helminth parasite infections,C0018889,MONDO:0004664
27743718,necrotizing fasciitis,C0238124,MONDO:0004835
28222462,NG,C0018023,MONDO:0006869
27508328,HCC,C2239176,MONDO:0007256
28209183,disorders,C0012634,MONDO:0000001
28229097,Hypovitaminosis D,C0042870,MONDO:0100471
28228055,obese,C0028754,MONDO:0011122
28077689,obesity,C0028754,MONDO:0011122
28042936,Diabetes mellitus,C0011849,MONDO:0005015
27571264,Systemic Lupus Erythematosus,C0024141,MONDO:0007915
27887018,condition,C0012634,MONDO:0000001
27470609,Rheumatoid Arthritis,C0003873,MONDO:0008383
27580610,SLE,C0024141,MONDO:0007915
28501028,unicentric,C0017531,MONDO:0015564
28223128,hepatitis D virus infection,C0011226,MONDO:0005789
28451395,hyperglycemia,C0020456,MONDO:0002909
28119222,disease,C0012634,MONDO:0000001
27694728,leptospirosis,C0023364,MONDO:0005825
28495504,arteritis,C0003860,MONDO:0043494
27772674,influenza,C0021400,MONDO:0005812
27908689,type 2 diabetes,C0011860,MONDO:0005148
28339013,diseases,C0012634,MONDO:0000001
27625449,sarcoid,C0036202,MONDO:0019338
28436990,thyroid cancer,C0549473,MONDO:0015075
27314527,obesity,C0028754,MONDO:0011122
28420030,cholangiocarcinoma,C0206698,MONDO:0019087
28540429,pancreatic cancer,C0235974,MONDO:0005192
27476889,co-infection,C0275524,MONDO:0100128
28137551,pituitary adenoma,C0032000,MONDO:0006373
27683791,syndrome,C0039082,MONDO:0002254
28344590,diseases,C0012634,MONDO:0000001
27599756,primary ovarian insufficiency,C0085215,MONDO:0005387
27935981,Sickle cell disease,C0002895,MONDO:0011382
27423449,pancreatic ductal adenocarcinoma,C1335302,MONDO:0005184
27473951,diphtheria,C0012546,MONDO:0005504
27266878,diseases,C0012634,MONDO:0000001
28374958,achondroplasia,C0001080,MONDO:0007037
28532624,diseases,C0012634,MONDO:0000001
27304832,communicable diseases,C0009450,MONDO:0005550
28193167,peptic disease,C0030920,MONDO:0004247
28241991,hypomagnesemia,C0151723,MONDO:0018100
28234635,Intestinal Failure,C0012634,MONDO:0000001
28003168,ACTH-secreting pituitary adenoma,C1306214,MONDO:0006068
28379326,infectious diseases,C0009450,MONDO:0005550
28436433,lepromatous leprosy,C0023348,MONDO:0005127
27881529,obese,C0028754,MONDO:0011122
27651178,HELLP,C0162739,MONDO:0008585
27935120,high-risk human papillomavirus (HR-HPV) infection,C0343641,MONDO:0005161
28420059,SLE,C0024141,MONDO:0007915
27403338,pseudoexfoliation (PEX) syndrome,C0206368,MONDO:0008327
28296885,disorders,C0012634,MONDO:0000001
28420030,primary sclerosing cholangitis,C0566602,MONDO:0013433
27994747,type 2 diabetes,C0011860,MONDO:0005148
28454282,hereditary gastric cancer,C1708349,MONDO:0007648
27741202,Down syndrome,C0013080,MONDO:0008608
28386950,agenesis of the corpus callosum,C0175754,MONDO:0009022
27935981,sickle cell disease,C0002895,MONDO:0011382
28405013,obesity,C0028754,MONDO:0011122
28495897,Multivessel Disease,C0012634,MONDO:0000001
27588935,type 2 diabetes,C0011860,MONDO:0005148
28456611,Post-transplant lymphoproliferative disease,C0432487,MONDO:0019088
28546318,diseases,C0012634,MONDO:0000001
27465797,diabetic nephropathy,C0011881,MONDO:0005016
27437203,Vitamin D deficiency,C0042870,MONDO:0100471
28315039,Buruli ulcer,C0085568,MONDO:0000327
28468714,diabetes mellitus,C0011849,MONDO:0005015
28104446,diabetes,C0011849,MONDO:0005015
27832581,hyperlipidaemia,C0020473,MONDO:0021187
28437457,sickle cell disease,C0002895,MONDO:0011382
28018968,infections,C0009450,MONDO:0005550
28182076,coinfections,C0275524,MONDO:0100128
27736701,diseases,C0012634,MONDO:0000001
27677165,HIV infection,C0019693,MONDO:0005109
28353042,type 2 diabetes mellitus,C0011860,MONDO:0005148
27436784,BWS,C0004903,MONDO:0007534
28393741,anxiety,C0003467,MONDO:0011918
27958282,Irritable Bowel Syndrome,C0022104,MONDO:0005052
27433916,high-grade dysplasia,C1518873,MONDO:0004329
28109317,disease,C0012634,MONDO:0000001
28141713,Down Syndrome,C0013080,MONDO:0008608
28464828,hyperglycemia,C0020456,MONDO:0002909
27059693,RA,C0003873,MONDO:0008383
27723905,PDAC,C1335302,MONDO:0005184
27338800,hepatocellular carcinoma,C2239176,MONDO:0007256
28144189,disease,C0029456,MONDO:0005298
27399912,Oral Squamous Cell Carcinoma,C0585362,MONDO:0004958
28334854,Human papillomavirus (HPV) infection,C0343641,MONDO:0005161
27637577,Ankylosing spondylitis,C0038013,MONDO:0005306
27725796,Anxiety,C0003467,MONDO:0011918
28451474,MEN,C0027662,MONDO:0017169
27399065,Vitamin D deficiency,C0042870,MONDO:0100471
27703342,alveolar enlargement,C0012634,MONDO:0000001
28456990,Tay Sach,C0039373,MONDO:0010100
27312487,OSCC,C0585362,MONDO:0004958
28088318,HPV infection,C0343641,MONDO:0005161
27433916,pancreatic cancer,C0235974,MONDO:0005192
27623532,rheumatoid arthritis,C0003873,MONDO:0008383
28339345,MetS,C0039082,MONDO:0002254
28327105,diabetes mellitus,C0011849,MONDO:0005015
27572131,type-2 diabetes mellitus,C0011860,MONDO:0005148
27314527,Type 2 Diabetes,C0011860,MONDO:0005148
27285457,TYPE 2 DIABETES,C0011860,MONDO:0005148
27556586,VL,C0023290,MONDO:0005445
27373893,RA,C0003873,MONDO:0008383
27651178,HELLP syndrome,C0162739,MONDO:0008585
28458935,AHA,C0019069,MONDO:0010602
28404643,"CAMRQ2 syndrome,",C2750234,MONDO:0012430
28018330,co-infections,C0275524,MONDO:0100128
27433933,disease s,C0012634,MONDO:0000001
28329001,BU,C0085568,MONDO:0000327
27936092,STIs,C0036916,MONDO:0021681
28356129,metabolic diseases,C0025517,MONDO:0005066
28034384,lipoblastoma,C1260965,MONDO:0016611
28238581,hepatocellular carcinoma,C2239176,MONDO:0007256
28446633,lactose intolerance,C0022951,MONDO:0100345
27648744,pathological,C0030662,MONDO:0011662
27703744,hyperprolactinaemia,C0020514,MONDO:0005804
27356936,metabolic diseases,C0025517,MONDO:0005066
28040133,obesity,C0028754,MONDO:0011122
27578894,infection,C0009450,MONDO:0005550
27752744,diseases,C0012634,MONDO:0000001
27519262,HIV infection,C0019693,MONDO:0005109
28111056,acute coronary syndrome,C0948089,MONDO:0005542
28323926,obesity,C0028754,MONDO:0011122
28320554,preeclampsia,C0032914,MONDO:0005081
27617249,hyperparathyroidism,C0020502,MONDO:0001741
26876532,parathyroid neoplasms,C0030521,MONDO:0021360
28295933,tissue,C0027656,MONDO:0021581
28190392,disorders,C0012634,MONDO:0000001
27508301,Obesity,C0028754,MONDO:0011122
27958282,IBS,C0022104,MONDO:0005052
26876532,parathyroid tumour,C0030521,MONDO:0021360
27907099,TSC,C0041341,MONDO:0001734
27741202,mosaic trisomy 21,C2931324,MONDO:0700127
27569088,co-infections,C0275524,MONDO:0100128
27375918,disease,C0012634,MONDO:0000001
27798730,disease,C0012634,MONDO:0000001
27567226,SS,C1527336,MONDO:0010030
27386263,viral hepatitis,C0042721,MONDO:0006011
27725659,disease,C0012634,MONDO:0000001
28544601,thyroid tumor,C0040136,MONDO:0015074
27859268,Obese,C0028754,MONDO:0011122
27695680,pulmonary tuberculosis,C0041327,MONDO:0006052
28450196,TH deficiency,C0020676,MONDO:0005420
28392965,Intervertebral disc (IVD) degeneration,C0158266,MONDO:0011385
28387468,hyperdontia,C0040457,MONDO:0008533
28323937,thyroid cancer,C0007115,MONDO:0002108
27703342,lung inflammation,C0032285,MONDO:0005249
27994913,Ankylosing Spondylitis,C0038013,MONDO:0005306
28396744,DN,C0011881,MONDO:0005016
28298837,Dengue,C0011311,MONDO:0005502
28078640,disease,C0012634,MONDO:0000001
28104446,obesity,C0028754,MONDO:0011122
28459029,obese,C0028754,MONDO:0011122
27408381,splenic abscess,C0272412,MONDO:0002333
27623725,thyroiditis,C0040147,MONDO:0004126
28328136,PCWH,C1836727,MONDO:0012198
28400033,acute coronary syndrome,C0948089,MONDO:0005542
28469987,anxiety,C0003467,MONDO:0011918
28192171,disease,C0012634,MONDO:0000001
28399833,disease,C0012634,MONDO:0000001
27431623,disorders,C0012634,MONDO:0000001
28040320,tenosynovitis,C0039520,MONDO:0004855
28192171,Alkaptonuria,C0002066,MONDO:0008753
27958282,disease,C0012634,MONDO:0000001
27933173,thyrotoxicosis,C0040156,MONDO:0010138
27637577,disease,C0012634,MONDO:0000001
28082453,diabetic state,C0271650,MONDO:0001076
27598463,paracoccidioidomycosis,C0030409,MONDO:0005894
27478553,obese,C0028754,MONDO:0011122
28089587,hyperinsulinemia,C0020459,MONDO:0002177
27589009,underlying disease,C0012634,MONDO:0000001
28542641,dengue,C0011311,MONDO:0005502
27999240,disease,C0012634,MONDO:0000001
28440108,cystic fibrosis,C0010674,MONDO:0009061
27601111,brucellosis,C0006309,MONDO:0005683
28323338,oropharyngeal squamous cell carcinoma,C0280313,MONDO:0044704
28060068,ulcers,C0041582,MONDO:0043839
28217611,PG,C0085652,MONDO:0018824
27375283,liver cancer,C0345904,MONDO:0002691
28270369,Type 1 Diabetes Mellitus,C0011854,MONDO:0005147
27866068,condition,C0431399,MONDO:0018772
27284118,Obsessive compulsive disorder,C0028768,MONDO:0008114
28250430,olive quick decline syndrome,C0012634,MONDO:0000001
27252904,organ failure,C0026766,MONDO:0043726
28008409,hyperplastic protein-losing gastropathy,C0017155,MONDO:0007652
28448233,disease,C0012634,MONDO:0000001
27196563,vitamin D deficiency,C0042870,MONDO:0100471
27903991,diabetic kidney,C0011881,MONDO:0005016
28462032,dispersal of grape rots,C0012634,MONDO:0000001
27316920,DM,C0011849,MONDO:0005015
27560647,obesity,C0028754,MONDO:0011122
27692274,type 1 diabetes,C0011854,MONDO:0005147
28274612,obesity,C0028754,MONDO:0011122
28062652,syndrome,C0039082,MONDO:0002254
27262362,hypoplastic left heart syndrome,C0152101,MONDO:0004933
27913973,disease,C0012634,MONDO:0000001
28386663,PKU,C0031485,MONDO:0009861
28378026,vasculitis,C0042384,MONDO:0018882
28328136,sex-reversal,C0039082,MONDO:0002254
28234635,intestinal failure,C0012634,MONDO:0000001
27512352,coinfection,C0275524,MONDO:0100128
28132765,type I diabetes,C0011854,MONDO:0005147
28439925,type 2 diabetes,C0011860,MONDO:0005148
28487075,pancreas ductal adenocarcinoma,C1335302,MONDO:0005184
27656567,chronic periodontitis,C0266929,MONDO:0009850
28456990,Sandhoff,C0036161,MONDO:0010006
28427273,obesity,C0028754,MONDO:0011122
28533939,NET,C0206754,MONDO:0019496
28280246,disorders,C0012634,MONDO:0000001
28195094,Dengue,C0011311,MONDO:0005502
27456016,Fibrolamellar carcinoma,C0334287,MONDO:0006210
27662437,UPD,C0949628,MONDO:0700086
28298837,dermatomyositis,C0011633,MONDO:0016367
28127863,22q11DS,C0012236,MONDO:0008564
27781034,22q11DS,C0012236,MONDO:0008564
27782940,multiorgan dysfunction,C0026766,MONDO:0043726
27716352,diseases,C0012634,MONDO:0000001
27941991,melioidosis,C0025229,MONDO:0017775
28383652,Primary Sclerosing Cholangitis,C0566602,MONDO:0013433
28235040,allergic rhinitis,C2607914,MONDO:0011786
27625449,sarcoidosis,C0036202,MONDO:0019338
27456016,hepatocellular carcinoma,C2239176,MONDO:0007256
28430891,disease,C0012634,MONDO:0000001
27905324,Neuroendocrine breast carcinoma,C0206695,MONDO:0002120
27259326,HCC,C2239176,MONDO:0007256
27233466,Anxiety,C0003467,MONDO:0011918
27508301,cardiometabolic disorders,C0025517,MONDO:0005066
27552486,EV infections,C0014378,MONDO:0005747
27652718,type 2 diabetes,C0011860,MONDO:0005148
27245524,Ehlers-Danlos syndrome,C0013720,MONDO:0020066
27613509,disease,C0012634,MONDO:0000001
27427881,disease,C0012634,MONDO:0000001
27650225,Small Intestinal Bacterial Overgrowth,C3160854,MONDO:0400000
28419865,diseases,C0012634,MONDO:0000001
27922526,Placental abruption,C0000832,MONDO:0004846
27601501,disorders,C0012634,MONDO:0000001
26876532,parathyroid carcinomas,C0687150,MONDO:0012004
27923790,hypoglycemia,C0020615,MONDO:0004946
27688111,oropharyngeal squamous cell carcinoma,C0280313,MONDO:0044704
27793676,hypothyroidism,C0020676,MONDO:0005420
27438230,squamous cell carcinoma of the oropharynx,C0280313,MONDO:0044704
28100635,diseases,C0012634,MONDO:0000001
27242550,"IO,",C0028754,MONDO:0011122
28411139,Brugada syndrome,C1142166,MONDO:0015263
27282265,reflux,C0014869,MONDO:0006896
27447713,disorder,C0012634,MONDO:0000001
27806921,Ebola virus (EBOV) disease,C0282687,MONDO:0005737
27384421,Pancreatic Cancer,C0235974,MONDO:0005192
27366176,mixed connective tissue disease,C0026272,MONDO:0005854
27851729,retinitis pigmentosa,C0035334,MONDO:0019200
28459029,Obesity,C0028754,MONDO:0011122
28288758,clinical disease,C0012634,MONDO:0000001
27681567,obese,C0028754,MONDO:0011122
27819740,disease,C0012634,MONDO:0000001
28222314,diseases,C0012634,MONDO:0000001
28183822,diseases,C0012634,MONDO:0000001
28471772,other eating disorders,C0013473,MONDO:0005451
28277099,disease,C0012634,MONDO:0000001
28438542,disorder,C0012634,MONDO:0000001
27445383,Legionnaires' disease,C0023241,MONDO:0005824
27550416,RA,C0003873,MONDO:0008383
27378064,mandibular dysostosis,C0242387,MONDO:0002457
27617249,PHPT,C0221002,MONDO:0010837
28082453,Obesity,C0028754,MONDO:0011122
28418900,lymphoproliferative disorder,C0024314,MONDO:0016537
28013205,small intestinal bacterial overgrowth,C3160854,MONDO:0400000
27559131,Birt-Hogg-Dubé syndrome,C0346010,MONDO:0800444
28348057,disease,C0012634,MONDO:0000001
28419010,bacteremia,C0004610,MONDO:0005229
27596135,hyperlipidemic,C0020473,MONDO:0021187
28056901,hepatocellular carcinoma,C2239176,MONDO:0007256
28333794,placenta previa,C0032046,MONDO:0005918
28210640,(MPS type IV A,C0086651,MONDO:0009659
28013205,systemic sclerosis,C0036421,MONDO:0005100
27804911,Disease,C0012634,MONDO:0000001
28373799,disease,C0012634,MONDO:0000001
27249024,Type 2 Diabetes,C0011860,MONDO:0005148
27628042,disease,C0012634,MONDO:0000001
27273075,dengue hemorrhagic fever,C0019100,MONDO:0005358
27625449,Sarcoid,C0036202,MONDO:0019338
28266884,Diabetes mellitus,C0011849,MONDO:0005015
28238581,HCC,C2239176,MONDO:0007256
28443672,HIV,C0019693,MONDO:0005109
27412368,Polycystic Ovary Syndrome,C0032460,MONDO:0008487
28167893,Alternaria diseases,C0026946,MONDO:0002041
28268114,co-infected,C0275524,MONDO:0100128
27454379,oldest and complex syndromes,C0039082,MONDO:0002254
28284468,pneumonia,C0032285,MONDO:0005249
28083459,Koch's Spine,C0041330,MONDO:0043836
28268114,schistosomiasis,C0036323,MONDO:0015254
28002085,disease,C0012634,MONDO:0000001
28322666,obesity,C0028754,MONDO:0011122
27703744,Hyperprolactinaemia,C0020514,MONDO:0005804
27892522,severe acute respiratory syndrome,C1175175,MONDO:0005091
28431108,malaria,C0024530,MONDO:0005136
27669669,syndrome,C0039082,MONDO:0002254
27284491,Lynch syndrome,C1333990,MONDO:0018630
28421738,disease,C0012634,MONDO:0000001
28195094,arboviral disease,C0003723,MONDO:0020731
27240437,co-infection,C0275524,MONDO:0100128
28194574,ADPKD,C0085413,MONDO:0004691
27301553,malaria,C0024530,MONDO:0005136
27359321,2 diabetes,C0011860,MONDO:0005148
28043566,disease,C0012634,MONDO:0000001
27245335,syndrome,C0039082,MONDO:0002254
28208888,β-thalassaemia,C0005283,MONDO:0019402
27569088,HPV infection,C0343641,MONDO:0005161
27255411,hyperlipidemia,C0020473,MONDO:0021187
28286688,hypothyroidism,C0020676,MONDO:0005420
28235956,anaplastic thyroid cancer,C0238461,MONDO:0006468
28351716,DR,C0011884,MONDO:0005266
28440090,testicular neoplasm,C0039590,MONDO:0021348
28343418,fibrosing disorders,C0011644,MONDO:0019340
28011408,eating disorder,C0013473,MONDO:0005451
27351941,Diabetes mellitus,C0011849,MONDO:0005015
27312487,oral squamous cell carcinoma,C0585362,MONDO:0004958
27725659,heritable,C0019247,MONDO:0003847
27683158,osteoporosis,C0029456,MONDO:0005298
27304832,infectious diseases,C0009450,MONDO:0005550
27259677,OCS,C0009492,MONDO:0004001
28093505,Erythropoietic protoporphyria,C0162568,MONDO:0001676
28413509,human papillomavirus (HPV) infection,C0343641,MONDO:0005161
27669669,Grisel syndrome,C0263885,MONDO:0971080
27567226,rheumatoid arthritis,C0003873,MONDO:0008383
27777170,rheumatoid arthritis,C0003873,MONDO:0008383
28471941,HIV infection,C0019693,MONDO:0005109
27761762,Sarcoid-like reactions,C0036202,MONDO:0019338
28440090,Spermatocytic tumor,C0334517,MONDO:0020513
27336882,Endocrine disorder,C0014130,MONDO:0005151
27387068,borreliosis,C0006035,MONDO:0006681
27941815,differentiated thyroid cancer,C1337013,MONDO:0015447
27490343,T21,C3537167,MONDO:0700126
28295933,cancer tissue,C0027656,MONDO:0021581
27706911,supernumerary teeth,C0040457,MONDO:0008533
27981492,disease,C0012634,MONDO:0000001
28334854,diseases,C0012634,MONDO:0000001
28234635,IF,C0012634,MONDO:0000001
27273307,OHSS,C0085083,MONDO:0011972
28317028,infectious disease,C0009450,MONDO:0005550
27688423,disease,C0012634,MONDO:0000001
27656567,Disease,C0012634,MONDO:0000001
28511906,diseases,C0012634,MONDO:0000001
28179560,Affection,C0012634,MONDO:0000001
28364434,OSA,C0520679,MONDO:0007147
27275827,obesity,C0028754,MONDO:0011122
27481922,Preeclampsia,C0032914,MONDO:0005081
27257822,disease,C0043167,MONDO:0005077
27580610,Systemic lupus erythematosus,C0024141,MONDO:0007915
28268114,co-infections,C0275524,MONDO:0100128
28508329,Hepatocellular Carcinoma,C2239176,MONDO:0007256
28386663,Phenylketonuria,C0031485,MONDO:0009861
27903991,Diabetic Kidney Disease,C0011881,MONDO:0005016
27741202,trisomy 21,C3537167,MONDO:0700126
27936092,gonorrhea,C0018081,MONDO:0004277
28458643,disorder,C0012634,MONDO:0000001
28455257,DRA,C0002726,MONDO:0019065
28443672,recent HIV infections,C0019693,MONDO:0005109
28223128,HDV infection,C0011226,MONDO:0005789
27670138,binge eating disorder,C0596170,MONDO:0005582
28400033,acute coronary syndromes,C0948089,MONDO:0005542
27761922,acute HBV infection,C0019163,MONDO:0005344
27467556,laboratory-confirmed cryptococcosis,C0010414,MONDO:0005724
27378927,schistosomiasis,C0036323,MONDO:0015254
28416969,synovitis,C0039103,MONDO:0002400
28293475,diabetes,C0011849,MONDO:0005015
27403338,Pseudoexfoliation Syndrome,C0206368,MONDO:0008327
27936092,pathogen-specific STI,C0036916,MONDO:0021681
28260464,obesity,C0028754,MONDO:0011122
27671656,epidemic parotitis,C0026780,MONDO:0000989
27293123,HIV,C0019693,MONDO:0005109
27484604,complaint,C0012634,MONDO:0000001
27629905,urinary tract infections,C0042029,MONDO:0100338
27388630,Coinfection,C0275524,MONDO:0100128
28403387,specific phobia,C0236801,MONDO:0012000
28088318,Morbus Bowen,C0006079,MONDO:0020761
28549770,graft -versus-host disease,C0018133,MONDO:0013730
27273075,dengue shock syndrome,C0376300,MONDO:0000248
28339345,systemic lipotoxic,C0039082,MONDO:0002254
27239027,genetic disease,C0019247,MONDO:0003847
28420066,systemic lupus erythematosus,C0024141,MONDO:0007915
28464019,pathosis,C0012634,MONDO:0000001
28454487,HCC,C2239176,MONDO:0007256
27490448,adrenal adenomas,C0206667,MONDO:0003924
28042600,dysentery,C0013369,MONDO:0001517
28208833,obesity,C0028754,MONDO:0011122
27648744,Pathological gambling,C0030662,MONDO:0011662
28348808,disease,C0012634,MONDO:0000001
28420030,CCA,C0206698,MONDO:0019087
25763772,cystic fibrosis,C0010674,MONDO:0009061
28241991,magnesium deficiency,C0024473,MONDO:0006844
27499974,OSAS,C0520679,MONDO:0007147
27824066,T1D,C0011854,MONDO:0005147
27828852,oral squamous cell carcinoma,C0585362,MONDO:0004958
27866068,Joubert syndrome,C0431399,MONDO:0018772
27261587,diabetic nephropathy,C0011881,MONDO:0005016
28054909,noise-induced hearing loss,C0018781,MONDO:0013098
28356129,impaired glucose tolerance,C0271650,MONDO:0001076
27632796,RSV single infections,C0035235,MONDO:0001577
28096973,HIV-infected,C0019693,MONDO:0005109
28403172,diseases,C0012634,MONDO:0000001
27791100,systemic fungal disease,C0553576,MONDO:0000256
28034730,disorder,C0012634,MONDO:0000001
28240655,Medullary Thyroid Cancer,C0238462,MONDO:0015277
28141713,vitamin deficiency,C1510471,MONDO:0024298
28298837,thyrotoxicosis,C0040156,MONDO:0010138
27508328,Hepatocellular Carcinoma,C2239176,MONDO:0007256
27546025,tuberculosis,C0041296,MONDO:0018076
27473951,hepatitis B,C0019163,MONDO:0005344
27467251,HCC,C2239176,MONDO:0007256
28361121,Pneumocystis jiroveci pneumonia,C1535939,MONDO:0019121
28113047,disease,C0012634,MONDO:0000001
28482961,active TB,C0151332,MONDO:0100481
27637577,ankylosing spondylitis,C0038013,MONDO:0005306
27906155,Hypothyroidism,C0020676,MONDO:0005420
27249024,type 2 diabetes,C0011860,MONDO:0005148
27706190,Diabetic Nephropathy,C0011881,MONDO:0005016
28456987,complex diseases,C0012634,MONDO:0000001
27920091,Type 1 Diabetes,C0011854,MONDO:0005147
27373893,rheumatoid arthritis,C0003873,MONDO:0008383
27465008,acute coronary syndrome,C0948089,MONDO:0005542
28217588,disease,C0012634,MONDO:0000001
28399813,bacterial sexually transmitted infection,C0036917,MONDO:0005323
28495811,chronic fatigue syndrome,C0015674,MONDO:0005404
28413643,liver cancer,C0345904,MONDO:0002691
28440090,spermatocytic tumor,C0334517,MONDO:0020513
26876532,parathyroid tumours,C0030521,MONDO:0021360
28270369,type 1 diabetes,C0011854,MONDO:0005147
28222462,Graves' Disease,C0018213,MONDO:0005364
27646508,Obesity,C0028754,MONDO:0011122
27394375,tuberous sclerosis complex,C0041341,MONDO:0001734
28108802,osteoporosis,C0029456,MONDO:0005298
27467766,obesity,C0028754,MONDO:0011122
28092340,spondylolisthesis,C0038016,MONDO:0008475
27743718,cellulitis,C0007642,MONDO:0005230
28327105,underlying disease,C0012634,MONDO:0000001
28351716,diseases,C0012634,MONDO:0000001
27899384,primary adrenal insufficiency,C3887896,MONDO:0015128
28271030,type 1,C0011854,MONDO:0005147
27656567,type 2 diabetes mellitus,C0011860,MONDO:0005148
27239953,Obesity,C0028754,MONDO:0011122
27708714,chromosome Xq28 duplication,C2749007,MONDO:0010436
27567148,skin,C0037278,MONDO:0021201
28391514,disease,C0012634,MONDO:0000001
27994747,T2DM,C0011860,MONDO:0005148
27851974,disease,C0012634,MONDO:0000001
27782940,Obese,C0028754,MONDO:0011122
27460729,disease,C0012634,MONDO:0000001
27625705,hepatitis C,C0019196,MONDO:0005231
27452974,disease,C0012634,MONDO:0000001
27760552,malaria,C0024530,MONDO:0005136
27975209,Post-bariatric hypoglycaemia,C0020615,MONDO:0004946
27786291,cholera,C0008354,MONDO:0015766
27508301,diabetes mellitus,C0011849,MONDO:0005015
28002085,HIV,C0019693,MONDO:0005109
28420538,obesity,C0028754,MONDO:0011122
28083494,conditions,C0012634,MONDO:0000001
27914587,chondrosarcoma,C0008479,MONDO:0008977
28341623,obesity,C0028754,MONDO:0011122
28085490,Anxiety,C0003467,MONDO:0011918
28413179,cyclic thrombocytopenia,C0272282,MONDO:0008556
27909142,Psoriatic Arthritis,C0003872,MONDO:0011849
28163288,spirochetosis,C0037974,MONDO:0021839
27909142,PsA,C0003872,MONDO:0011849
28458935,hemophilia A,C0019069,MONDO:0010602
27259677,orbital compartment syndrome,C0009492,MONDO:0004001
27867860,diabetes mellitus type 2,C0011860,MONDO:0005148
27692274,TID,C0011854,MONDO:0005147
28228242,Vitamin D deficiency,C0042870,MONDO:0100471
28425183,type 1 diabetes,C0011854,MONDO:0005147
28345005,Disease,C0012634,MONDO:0000001
